/* Generated by scripts/extract-tqx-programs.py from local proprietary
 * reference machine code, not recovered source. Do not hand-edit.
 * Reference SHA-256: 0512ad5a75dcf16680d608e0a20b5154564798451d6b42224be9ae8e67d6ef33
 */
#ifndef MT_GUEST_TQX_PROGRAM_DATA_H
#define MT_GUEST_TQX_PROGRAM_DATA_H
#define MT_TQX_SHADER_BANK_BYTES 20096U
#define MT_TQX_PROGRAM_BANK_BYTES 20272U
struct mt_tqx_shader_meta { u32 offset, code_dwords, outputs, parameters, map_start; };
struct mt_tqx_pds_meta { u32 offset, code_dwords, parameters, patch_dword, state_start; };
static const u8 mt_tqx_program_bytes[20272] = {
	0x01, 0x00, 0x00, 0x80, 0x02, 0x00, 0x00, 0x80, 0x03, 0x00, 0x00, 0x80, 0x04, 0x00, 0x00, 0x80,
	0x05, 0x00, 0x00, 0x80, 0x06, 0x00, 0x00, 0x80, 0x07, 0x00, 0x00, 0x80, 0x08, 0x00, 0x00, 0x80,
	0x09, 0x00, 0x00, 0x80, 0x00, 0x00, 0x00, 0x00, 0x00, 0x00, 0x00, 0x00, 0x00, 0x00, 0x00, 0x00,
	0x00, 0x00, 0x00, 0x00, 0x00, 0x00, 0x00, 0x00, 0x00, 0x00, 0x00, 0x00, 0x00, 0x00, 0x00, 0x00,
	0xaa, 0x50, 0x00, 0x00, 0x30, 0x00, 0x00, 0x21, 0x00, 0x00, 0x00, 0x80, 0x1c, 0x03, 0x00, 0x80,
	0x00, 0x00, 0x00, 0x00, 0x00, 0x00, 0x00, 0x00, 0x00, 0x00, 0x00, 0x00, 0x00, 0x00, 0x00, 0x00,
	0x5c, 0x02, 0x00, 0x00, 0x00, 0x00, 0x80, 0x83, 0xaa, 0x10, 0x00, 0x00, 0x30, 0x00, 0x00, 0x21,
	0x00, 0x00, 0x00, 0x80, 0x1c, 0x02, 0x00, 0x80, 0xaa, 0x50, 0x00, 0x02, 0x30, 0x00, 0x00, 0x21,
	0x00, 0x00, 0x00, 0x80, 0x5c, 0x02, 0x00, 0x00, 0x00, 0x00, 0x80, 0x93, 0x1c, 0x03, 0x00, 0x80,
	0x00, 0x00, 0x00, 0x00, 0x00, 0x00, 0x00, 0x00, 0x00, 0x00, 0x00, 0x00, 0x00, 0x00, 0x00, 0x00,
	0x5c, 0x02, 0x00, 0x00, 0x00, 0x00, 0x80, 0x83, 0xaa, 0x10, 0x00, 0x00, 0x30, 0x00, 0x00, 0x21,
	0x00, 0x00, 0x00, 0x80, 0x1c, 0x02, 0x00, 0x80, 0xaa, 0x10, 0x00, 0x02, 0x30, 0x00, 0x00, 0x21,
	0x00, 0x00, 0x00, 0x80, 0x1c, 0x02, 0x00, 0x80, 0xaa, 0x50, 0x00, 0x00, 0x38, 0x00, 0x00, 0x21,
	0x00, 0x00, 0x00, 0x80, 0x5c, 0x02, 0x00, 0x00, 0x00, 0x00, 0x80, 0x93, 0x1c, 0x03, 0x00, 0x80,
	0xaa, 0x50, 0x00, 0x00, 0x30, 0x00, 0x00, 0x01, 0x00, 0x00, 0x00, 0x80, 0x1c, 0x03, 0x00, 0x80,
	0x00, 0x00, 0x00, 0x00, 0x00, 0x00, 0x00, 0x00, 0x00, 0x00, 0x00, 0x00, 0x00, 0x00, 0x00, 0x00,
	0x5c, 0x02, 0x00, 0x00, 0x00, 0x00, 0x80, 0x83, 0xaa, 0x10, 0x00, 0x00, 0x30, 0x00, 0x00, 0x01,
	0x00, 0x00, 0x00, 0x80, 0x1c, 0x02, 0x00, 0x80, 0xaa, 0x50, 0x00, 0x02, 0x30, 0x00, 0x00, 0x01,
	0x00, 0x00, 0x00, 0x80, 0x5c, 0x02, 0x00, 0x00, 0x00, 0x00, 0x80, 0x93, 0x1c, 0x03, 0x00, 0x80,
	0x00, 0x00, 0x00, 0x00, 0x00, 0x00, 0x00, 0x00, 0x00, 0x00, 0x00, 0x00, 0x00, 0x00, 0x00, 0x00,
	0x5c, 0x02, 0x00, 0x00, 0x00, 0x00, 0x80, 0x83, 0xaa, 0x10, 0x00, 0x00, 0x30, 0x00, 0x00, 0x01,
	0x00, 0x00, 0x00, 0x80, 0x1c, 0x02, 0x00, 0x80, 0xaa, 0x10, 0x00, 0x02, 0x30, 0x00, 0x00, 0x01,
	0x00, 0x00, 0x00, 0x80, 0x1c, 0x02, 0x00, 0x80, 0xaa, 0x50, 0x00, 0x00, 0x38, 0x00, 0x00, 0x01,
	0x00, 0x00, 0x00, 0x80, 0x5c, 0x02, 0x00, 0x00, 0x00, 0x00, 0x80, 0x93, 0x1c, 0x03, 0x00, 0x80,
	0xe0, 0xe1, 0x01, 0x43, 0x3a, 0xa1, 0x91, 0xd0, 0x4b, 0x26, 0x00, 0x04, 0x08, 0x08, 0xc0, 0x80,
	0x1b, 0x76, 0x00, 0x84, 0x0b, 0xc8, 0xa3, 0x04, 0x00, 0x0a, 0x40, 0x80, 0x3e, 0x00, 0xa0, 0x13,
	0x00, 0x00, 0x80, 0x02, 0x00, 0x01, 0x0d, 0x82, 0xdc, 0x01, 0x01, 0x80, 0x9c, 0x02, 0x00, 0x00,
	0x00, 0x00, 0x04, 0x80, 0x6a, 0x6a, 0x00, 0x80, 0x1c, 0x03, 0x00, 0x80, 0x00, 0x00, 0x00, 0x00,
	0xe0, 0xe1, 0x01, 0x43, 0x3a, 0xa1, 0x91, 0xd0, 0x09, 0x46, 0x00, 0x04, 0x00, 0x08, 0xc0, 0x80,
	0x19, 0x56, 0xe0, 0x04, 0x00, 0x0a, 0x40, 0x80, 0xbe, 0x01, 0xa0, 0x13, 0x00, 0x00, 0x40, 0x02,
	0x00, 0x01, 0x0d, 0x82, 0xdc, 0x01, 0x01, 0x80, 0x9c, 0x02, 0x00, 0x00, 0x00, 0x00, 0x04, 0x80,
	0x6a, 0x6a, 0x00, 0x80, 0x1c, 0x03, 0x00, 0x80, 0x00, 0x00, 0x00, 0x00, 0x00, 0x00, 0x00, 0x00,
	0xe0, 0xe1, 0x01, 0x43, 0x3a, 0xa1, 0x91, 0xd0, 0x3e, 0x10, 0x80, 0x13, 0x20, 0x00, 0x40, 0x02,
	0x00, 0x01, 0x0d, 0x82, 0x78, 0x14, 0xe2, 0x1f, 0x00, 0x08, 0x84, 0xa5, 0xdc, 0x01, 0x01, 0x80,
	0x6a, 0x6a, 0x01, 0x80, 0x1c, 0x03, 0x00, 0x80, 0x00, 0x00, 0x00, 0x00, 0x00, 0x00, 0x00, 0x00,
	0x00, 0x00, 0x00, 0x00, 0x00, 0x00, 0x00, 0x00, 0x00, 0x00, 0x00, 0x00, 0x00, 0x00, 0x00, 0x00,
	0xe0, 0xe1, 0x01, 0x43, 0x3a, 0xa1, 0x91, 0xd0, 0x0b, 0x36, 0x01, 0x04, 0x08, 0x08, 0xc0, 0x80,
	0x5b, 0x76, 0x81, 0x04, 0x08, 0x0a, 0x40, 0x80, 0x3e, 0x00, 0xe3, 0x13, 0x00, 0x00, 0x40, 0x02,
	0x00, 0x01, 0x8d, 0x83, 0x3e, 0x80, 0x80, 0x03, 0x00, 0x80, 0x40, 0x02, 0x00, 0x01, 0x0d, 0x82,
	0x50, 0x33, 0x10, 0x04, 0x0a, 0x28, 0x10, 0xa1, 0xf8, 0x1e, 0xf1, 0x5d, 0x01, 0x19, 0x16, 0x20,
	0x40, 0x80, 0x00, 0x9a, 0x80, 0x31, 0x10, 0x15, 0xca, 0x20, 0x10, 0x81, 0xdc, 0x01, 0x01, 0x80,
	0xea, 0x66, 0x40, 0x80, 0x1c, 0x03, 0x00, 0x80, 0x00, 0x00, 0x00, 0x00, 0x00, 0x00, 0x00, 0x00,
	0xe0, 0xe1, 0x01, 0x43, 0x3a, 0xa1, 0x91, 0xd0, 0x3e, 0x58, 0x80, 0x13, 0x01, 0x00, 0x40, 0x02,
	0x00, 0x01, 0x0d, 0x82, 0x30, 0x23, 0x10, 0x00, 0x08, 0x40, 0x84, 0x01, 0x98, 0x0a, 0x4c, 0x84,
	0x78, 0x34, 0xe0, 0x5f, 0x01, 0x08, 0x26, 0x20, 0x40, 0x80, 0x00, 0x9a, 0x1c, 0xa8, 0x02, 0x00,
	0x00, 0x84, 0x00, 0x80, 0x78, 0x32, 0xf1, 0x5d, 0x81, 0x0c, 0x16, 0x20, 0x78, 0x80, 0x00, 0x9a,
	0x78, 0x8c, 0x80, 0x49, 0x01, 0x48, 0x36, 0x20, 0x00, 0xc0, 0x02, 0x1b, 0x00, 0x42, 0x00, 0x80,
	0x1c, 0x48, 0x03, 0x00, 0x00, 0x84, 0x00, 0x80, 0x78, 0x32, 0xf1, 0x7d, 0x85, 0x0c, 0x16, 0x20,
	0x78, 0x80, 0x00, 0x9a, 0x78, 0xac, 0x80, 0x49, 0x01, 0x48, 0x36, 0x20, 0x00, 0xc0, 0x02, 0x1b,
	0x00, 0x42, 0x00, 0x80, 0x1c, 0xc8, 0x00, 0x00, 0x00, 0x84, 0x00, 0x80, 0x78, 0x12, 0xf3, 0x5d,
	0x89, 0x0c, 0x16, 0x20, 0x78, 0x80, 0x00, 0x9a, 0x78, 0x3c, 0xe0, 0x5f, 0x01, 0x48, 0xa6, 0xa5,
	0x78, 0x30, 0x84, 0x02, 0x00, 0x48, 0xa6, 0x25, 0x00, 0x82, 0x00, 0x9a, 0x9c, 0x06, 0x00, 0x80,
	0xdc, 0x01, 0x01, 0x80, 0xaa, 0x72, 0x00, 0x80, 0x1c, 0x03, 0x00, 0x80, 0x00, 0x00, 0x00, 0x00,
	0x00, 0x00, 0x00, 0x00, 0x00, 0x00, 0x00, 0x00, 0x00, 0x00, 0x00, 0x00, 0x00, 0x00, 0x00, 0x00,
	0xe0, 0xe1, 0x01, 0x43, 0x3a, 0xa3, 0x91, 0xd0, 0x0b, 0x36, 0x20, 0x04, 0x08, 0x08, 0xc0, 0x80,
	0x5b, 0x76, 0xa0, 0x04, 0x08, 0x0a, 0x40, 0x80, 0x3e, 0x00, 0xa2, 0x13, 0x01, 0x00, 0x40, 0x02,
	0x00, 0x01, 0x8d, 0x83, 0x3e, 0x80, 0x81, 0x03, 0x00, 0x00, 0x40, 0x02, 0x00, 0x01, 0x0d, 0x82,
	0x70, 0x23, 0x10, 0x00, 0x08, 0x60, 0x84, 0x01, 0x98, 0x0a, 0x8c, 0x84, 0x78, 0x5c, 0xe0, 0x5f,
	0x01, 0x48, 0x36, 0x20, 0x00, 0x80, 0x00, 0x9a, 0x1c, 0xc8, 0x00, 0x00, 0x00, 0x84, 0x00, 0x80,
	0x78, 0x32, 0xf1, 0x5f, 0x81, 0x0c, 0x16, 0x20, 0x78, 0x80, 0x00, 0x9a, 0x78, 0x5c, 0xe0, 0x5f,
	0x01, 0x48, 0xb6, 0xa5, 0x78, 0x50, 0x84, 0x02, 0x00, 0x48, 0xb6, 0x25, 0x00, 0x82, 0x00, 0x9a,
	0x9c, 0x06, 0x00, 0x80, 0xdc, 0x01, 0x01, 0x80, 0xaa, 0xf2, 0x00, 0x80, 0x1c, 0x03, 0x00, 0x80,
	0xe0, 0xe1, 0x01, 0x43, 0x3a, 0xa1, 0x91, 0xd0, 0x4b, 0x26, 0x00, 0x04, 0x08, 0x08, 0xc0, 0x80,
	0x1b, 0x76, 0x80, 0x04, 0x08, 0x0a, 0x40, 0x80, 0x78, 0xf2, 0x82, 0x69, 0x2d, 0x00, 0x92, 0x25,
	0x42, 0x82, 0x00, 0x9a, 0x3e, 0x10, 0x20, 0x10, 0x00, 0x05, 0x40, 0x02, 0x00, 0x01, 0x0d, 0x92,
	0xdc, 0x01, 0x01, 0x80, 0x9c, 0x02, 0x00, 0x00, 0x00, 0x00, 0x04, 0x80, 0x6a, 0x6a, 0x00, 0x80,
	0x1c, 0x03, 0x00, 0x80, 0x00, 0x00, 0x00, 0x00, 0x00, 0x00, 0x00, 0x00, 0x00, 0x00, 0x00, 0x00,
	0x00, 0x00, 0x00, 0x00, 0x00, 0x00, 0x00, 0x00, 0x00, 0x00, 0x00, 0x00, 0x00, 0x00, 0x00, 0x00,
	0x78, 0xf2, 0x02, 0x69, 0x2d, 0x00, 0x92, 0x25, 0x42, 0x82, 0x00, 0x9a, 0xe0, 0xe1, 0x01, 0x43,
	0x3a, 0xa1, 0x91, 0xd0, 0x3e, 0x10, 0x00, 0x10, 0x20, 0x05, 0x40, 0x02, 0x00, 0x01, 0x0d, 0x92,
	0x78, 0x14, 0xe2, 0x1f, 0x00, 0x08, 0x84, 0xa5, 0xdc, 0x01, 0x01, 0x80, 0x6a, 0x6a, 0x01, 0x80,
	0x1c, 0x03, 0x00, 0x80, 0x00, 0x00, 0x00, 0x00, 0x00, 0x00, 0x00, 0x00, 0x00, 0x00, 0x00, 0x00,
	0xe0, 0xe1, 0x01, 0x43, 0x3a, 0xa1, 0x91, 0xd0, 0x4b, 0x26, 0x00, 0x04, 0x08, 0x08, 0xc0, 0x80,
	0x1b, 0x76, 0x00, 0x84, 0x0b, 0xc8, 0xa3, 0x04, 0x00, 0x0a, 0x40, 0x80, 0x3e, 0x20, 0xa0, 0x13,
	0x00, 0x00, 0x80, 0x02, 0x00, 0x01, 0x0d, 0x82, 0xdc, 0x01, 0x01, 0x80, 0x9c, 0x02, 0x00, 0x00,
	0x00, 0x00, 0x04, 0x80, 0x6a, 0x6a, 0x12, 0x80, 0x1c, 0x03, 0x00, 0x80, 0x00, 0x00, 0x00, 0x00,
	0xe0, 0xe1, 0x01, 0x43, 0x3a, 0xa1, 0x91, 0xd0, 0x09, 0x46, 0x00, 0x04, 0x00, 0x08, 0xc0, 0x80,
	0x19, 0x56, 0xe0, 0x04, 0x00, 0x0a, 0x40, 0x80, 0xbe, 0x21, 0xa0, 0x13, 0x00, 0x00, 0x40, 0x02,
	0x00, 0x01, 0x0d, 0x82, 0xdc, 0x01, 0x01, 0x80, 0x9c, 0x02, 0x00, 0x00, 0x00, 0x00, 0x04, 0x80,
	0x6a, 0x6a, 0x12, 0x80, 0x1c, 0x03, 0x00, 0x80, 0x00, 0x00, 0x00, 0x00, 0x00, 0x00, 0x00, 0x00,
	0xe0, 0xe1, 0x01, 0x43, 0x3a, 0xa1, 0x91, 0xd0, 0x3e, 0x30, 0x80, 0x13, 0x20, 0x00, 0x40, 0x02,
	0x00, 0x01, 0x0d, 0x82, 0x78, 0x30, 0x62, 0x1f, 0x00, 0x08, 0x84, 0xa5, 0x78, 0x15, 0xe0, 0x1d,
	0x14, 0x08, 0xc4, 0xa5, 0xdc, 0x01, 0x01, 0x80, 0x6a, 0x6a, 0x13, 0x80, 0x1c, 0x03, 0x00, 0x80,
	0x00, 0x00, 0x00, 0x00, 0x00, 0x00, 0x00, 0x00, 0x00, 0x00, 0x00, 0x00, 0x00, 0x00, 0x00, 0x00,
	0xe0, 0xe1, 0x01, 0x43, 0x3a, 0xa1, 0x91, 0xd0, 0x4b, 0x26, 0x00, 0x04, 0x08, 0x08, 0xc0, 0x80,
	0x1b, 0x76, 0x80, 0x04, 0x08, 0x0a, 0x40, 0x80, 0x78, 0xf2, 0x82, 0x69, 0x2d, 0x00, 0x92, 0x25,
	0x42, 0x82, 0x00, 0x9a, 0x3e, 0x30, 0x20, 0x10, 0x00, 0x05, 0x40, 0x02, 0x00, 0x01, 0x0d, 0x92,
	0xdc, 0x01, 0x01, 0x80, 0x9c, 0x02, 0x00, 0x00, 0x00, 0x00, 0x04, 0x80, 0x6a, 0x6a, 0x12, 0x80,
	0x1c, 0x03, 0x00, 0x80, 0x00, 0x00, 0x00, 0x00, 0x00, 0x00, 0x00, 0x00, 0x00, 0x00, 0x00, 0x00,
	0x00, 0x00, 0x00, 0x00, 0x00, 0x00, 0x00, 0x00, 0x00, 0x00, 0x00, 0x00, 0x00, 0x00, 0x00, 0x00,
	0x78, 0xf2, 0x02, 0x69, 0x2d, 0x00, 0x92, 0x25, 0x42, 0x82, 0x00, 0x9a, 0xe0, 0xe1, 0x01, 0x43,
	0x3a, 0xa1, 0x91, 0xd0, 0x3e, 0x30, 0x00, 0x10, 0x20, 0x0c, 0x40, 0x02, 0x00, 0x01, 0x0d, 0x92,
	0x78, 0x30, 0x62, 0x1f, 0x00, 0x08, 0x84, 0xa5, 0x78, 0x15, 0xe0, 0x1d, 0x14, 0x08, 0xc4, 0xa5,
	0xdc, 0x01, 0x01, 0x80, 0x6a, 0x6a, 0x13, 0x80, 0x1c, 0x03, 0x00, 0x80, 0x00, 0x00, 0x00, 0x00,
	0xe0, 0xe1, 0x01, 0x43, 0x3a, 0xa1, 0x91, 0xd0, 0x4b, 0x26, 0x00, 0x04, 0x08, 0x08, 0xc0, 0x80,
	0x1b, 0x76, 0x00, 0x84, 0x0b, 0xc8, 0xa3, 0x04, 0x00, 0x0a, 0x40, 0x80, 0x3e, 0x20, 0xa0, 0x33,
	0x00, 0x00, 0x80, 0x02, 0x00, 0x01, 0x0d, 0x82, 0xdc, 0x01, 0x01, 0x80, 0x9c, 0x02, 0x00, 0x00,
	0x00, 0x00, 0x04, 0x80, 0x2a, 0x42, 0x12, 0x80, 0x6a, 0xea, 0x16, 0x80, 0x1c, 0x03, 0x00, 0x80,
	0xe0, 0xe1, 0x01, 0x43, 0x3a, 0xa1, 0x91, 0xd0, 0x09, 0x46, 0x00, 0x04, 0x00, 0x08, 0xc0, 0x80,
	0x19, 0x56, 0xe0, 0x04, 0x00, 0x0a, 0x40, 0x80, 0xbe, 0x21, 0xa0, 0x33, 0x00, 0x00, 0x40, 0x02,
	0x00, 0x01, 0x0d, 0x82, 0xdc, 0x01, 0x01, 0x80, 0x9c, 0x02, 0x00, 0x00, 0x00, 0x00, 0x04, 0x80,
	0x2a, 0x42, 0x12, 0x80, 0x6a, 0xea, 0x16, 0x80, 0x1c, 0x03, 0x00, 0x80, 0x00, 0x00, 0x00, 0x00,
	0xe0, 0xe1, 0x01, 0x43, 0x3a, 0xa1, 0x91, 0xd0, 0x4b, 0x26, 0x00, 0x04, 0x08, 0x08, 0xc0, 0x80,
	0x1b, 0x76, 0x80, 0x04, 0x08, 0x0a, 0x40, 0x80, 0x78, 0xf2, 0x82, 0x69, 0x2d, 0x00, 0x92, 0x25,
	0x42, 0x82, 0x00, 0x9a, 0x3e, 0x30, 0x20, 0x30, 0x00, 0x05, 0x40, 0x02, 0x00, 0x01, 0x0d, 0x92,
	0xdc, 0x01, 0x01, 0x80, 0x9c, 0x02, 0x00, 0x00, 0x00, 0x00, 0x04, 0x80, 0x2a, 0x42, 0x12, 0x80,
	0x6a, 0xea, 0x16, 0x80, 0x1c, 0x03, 0x00, 0x80, 0x00, 0x00, 0x00, 0x00, 0x00, 0x00, 0x00, 0x00,
	0x00, 0x00, 0x00, 0x00, 0x00, 0x00, 0x00, 0x00, 0x00, 0x00, 0x00, 0x00, 0x00, 0x00, 0x00, 0x00,
	0xe0, 0xe1, 0x01, 0x43, 0x3a, 0xa1, 0x91, 0xd0, 0xca, 0x88, 0x13, 0x40, 0x10, 0x18, 0x00, 0x00,
	0x38, 0x00, 0x40, 0x80, 0xca, 0x83, 0x07, 0x40, 0x10, 0x1a, 0x00, 0x00, 0x38, 0x00, 0x40, 0x80,
	0x10, 0x42, 0x16, 0x00, 0x09, 0x2c, 0x10, 0x81, 0xf0, 0x22, 0x5a, 0x18, 0x95, 0x28, 0x98, 0x81,
	0x20, 0x20, 0x54, 0x20, 0x05, 0x34, 0x98, 0x00, 0x88, 0x0a, 0x0c, 0x84, 0x70, 0x42, 0x50, 0x40,
	0x8d, 0x2c, 0x98, 0x81, 0x6b, 0x57, 0x82, 0x04, 0x00, 0x0a, 0x80, 0x00, 0x08, 0x04, 0x00, 0x80,
	0x00, 0x44, 0xd1, 0x00, 0x84, 0x34, 0x98, 0x00, 0x08, 0x2b, 0x0c, 0x84, 0x1b, 0x8e, 0x82, 0x04,
	0x18, 0x0a, 0x80, 0x00, 0x00, 0x14, 0x00, 0x80, 0x00, 0x44, 0x90, 0x00, 0x84, 0x32, 0x98, 0x00,
	0x08, 0x2b, 0x0c, 0x84, 0x1b, 0x88, 0x83, 0x04, 0x18, 0x0a, 0xc0, 0x80, 0xdc, 0x01, 0x01, 0x80,
	0x2a, 0xc2, 0x17, 0x80, 0xea, 0x62, 0x52, 0x80, 0x1c, 0x03, 0x00, 0x80, 0x00, 0x00, 0x00, 0x00,
	0x00, 0x00, 0x00, 0x00, 0x00, 0x00, 0x00, 0x00, 0x00, 0x00, 0x00, 0x00, 0x00, 0x00, 0x00, 0x00,
	0xe0, 0xe1, 0x01, 0x43, 0x3a, 0xa1, 0x91, 0xd0, 0x4b, 0x26, 0x00, 0x04, 0x08, 0x08, 0xc0, 0x80,
	0x1b, 0x76, 0x00, 0x84, 0x0b, 0xc8, 0xa3, 0x04, 0x00, 0x0a, 0x40, 0x80, 0x3e, 0x20, 0xa0, 0x33,
	0x08, 0x00, 0x80, 0x42, 0x00, 0x01, 0x0d, 0x82, 0xdc, 0x01, 0x01, 0x80, 0x9c, 0x02, 0x00, 0x00,
	0x00, 0x00, 0x04, 0x80, 0x6a, 0x69, 0x12, 0x80, 0x1c, 0x03, 0x00, 0x80, 0x00, 0x00, 0x00, 0x00,
	0x78, 0x32, 0x11, 0x00, 0x80, 0x1c, 0x96, 0x25, 0x78, 0x82, 0x00, 0x9a, 0xe0, 0xe1, 0x02, 0x43,
	0x5a, 0xa1, 0x91, 0xd0, 0x09, 0x46, 0x01, 0x04, 0x00, 0x08, 0xc0, 0x88, 0x09, 0x46, 0x41, 0x04,
	0x00, 0x08, 0x40, 0x08, 0x00, 0x00, 0x00, 0x80, 0x19, 0x56, 0x61, 0x04, 0x00, 0x08, 0x40, 0x88,
	0x19, 0x56, 0xa1, 0x04, 0x00, 0x0a, 0x40, 0x08, 0x00, 0x00, 0x00, 0x80, 0xbe, 0x21, 0xb9, 0x33,
	0x00, 0x00, 0x40, 0x42, 0x00, 0x01, 0x0d, 0x82, 0x78, 0x32, 0x15, 0x20, 0x84, 0x1c, 0x96, 0x25,
	0x78, 0x82, 0x00, 0x9a, 0x78, 0x12, 0x13, 0x20, 0x84, 0x18, 0x96, 0xa5, 0x78, 0x33, 0x93, 0x00,
	0x84, 0x18, 0x96, 0x25, 0xc0, 0x82, 0x00, 0x9a, 0x1c, 0xe4, 0x05, 0x00, 0x00, 0x84, 0x00, 0x80,
	0x0d, 0x8e, 0xa8, 0x2d, 0x28, 0x48, 0x48, 0x80, 0x9a, 0x44, 0x2b, 0x02, 0x08, 0x02, 0x00, 0x80,
	0x0d, 0x8e, 0xe8, 0x2d, 0x28, 0x4a, 0x08, 0x00, 0x08, 0x06, 0x00, 0x80, 0x9a, 0x91, 0x0b, 0x03,
	0x08, 0x02, 0x00, 0x80, 0x0d, 0x8e, 0xa8, 0x2d, 0x29, 0x48, 0x08, 0x00, 0x00, 0x06, 0x00, 0x80,
	0x1a, 0x54, 0x1a, 0x02, 0x08, 0x02, 0x00, 0x80, 0x6b, 0xbf, 0x08, 0x24, 0x08, 0xe8, 0x43, 0x80,
	0xcd, 0x8e, 0x09, 0x25, 0x08, 0x48, 0x40, 0x80, 0xfd, 0x8f, 0x4c, 0x24, 0x0c, 0x48, 0x40, 0x80,
	0xed, 0x8f, 0x0c, 0x24, 0x0c, 0x48, 0x40, 0x80, 0x8d, 0x9e, 0xd0, 0x24, 0x48, 0x4a, 0x40, 0x80,
	0x1a, 0xc0, 0x02, 0x10, 0x01, 0x02, 0x00, 0x80, 0x8d, 0x9e, 0xd0, 0x25, 0x49, 0x48, 0x40, 0x80,
	0x9a, 0x14, 0x0b, 0x01, 0x01, 0x02, 0x00, 0x80, 0x8d, 0x9e, 0x90, 0x25, 0x08, 0x4b, 0x40, 0x80,
	0x1a, 0xc0, 0x0b, 0x00, 0x01, 0x02, 0x00, 0x80, 0x8b, 0xb6, 0x10, 0x04, 0x08, 0x08, 0x40, 0xc0,
	0x6b, 0xff, 0x08, 0x24, 0x08, 0xe8, 0x43, 0x80, 0xdb, 0xe6, 0x00, 0x46, 0x08, 0x08, 0x40, 0xc0,
	0x6b, 0xbf, 0x28, 0x24, 0x08, 0xe8, 0x43, 0x00, 0x02, 0x04, 0x00, 0x80, 0x8b, 0xa6, 0x81, 0x46,
	0x08, 0x08, 0x40, 0xc0, 0x9c, 0x06, 0x00, 0x80, 0x30, 0x23, 0x10, 0x11, 0x08, 0x60, 0x84, 0x81,
	0x1c, 0x24, 0x06, 0x00, 0x00, 0x84, 0x00, 0x80, 0x29, 0x57, 0x34, 0x06, 0x00, 0x08, 0x40, 0x80,
	0xcd, 0x8e, 0x80, 0x25, 0x0c, 0x48, 0x40, 0x80, 0x9a, 0x45, 0x0b, 0x00, 0x01, 0x02, 0x00, 0x80,
	0x29, 0x57, 0x74, 0x06, 0x00, 0x08, 0x40, 0x00, 0x02, 0x04, 0x00, 0x80, 0xcd, 0x8e, 0x80, 0x25,
	0x0c, 0x4a, 0x40, 0x80, 0x1a, 0x91, 0x0b, 0x00, 0x01, 0x02, 0x00, 0x80, 0x29, 0x57, 0x34, 0x06,
	0x01, 0x08, 0x40, 0x00, 0x10, 0x04, 0x00, 0x80, 0xcd, 0x8e, 0x80, 0x25, 0x0c, 0x48, 0x40, 0x80,
	0x9a, 0x54, 0x0b, 0x00, 0x01, 0x02, 0x00, 0x80, 0x2b, 0xbf, 0x08, 0x14, 0x08, 0xa8, 0x03, 0x00,
	0x08, 0x14, 0x00, 0x80, 0xed, 0x87, 0x44, 0x44, 0x0c, 0x08, 0x40, 0x80, 0x8d, 0x16, 0x08, 0x04,
	0x0c, 0x08, 0x00, 0x00, 0x08, 0x04, 0x00, 0x80, 0xed, 0x87, 0x44, 0x04, 0x08, 0x08, 0x40, 0x00,
	0x20, 0x04, 0x00, 0x80, 0xcd, 0x86, 0x00, 0x45, 0x0c, 0x08, 0x40, 0x80, 0xad, 0x97, 0x04, 0x04,
	0x09, 0x08, 0x40, 0x80, 0xfd, 0x87, 0x04, 0x44, 0x0c, 0x08, 0x40, 0x80, 0x6b, 0x77, 0x2c, 0x86,
	0x8b, 0xa6, 0x00, 0x04, 0x18, 0x08, 0x40, 0xc0, 0x2b, 0xff, 0x08, 0x14, 0x08, 0xa8, 0x43, 0x80,
	0x6b, 0x37, 0x2c, 0x86, 0x9b, 0xa6, 0x10, 0x04, 0x18, 0x08, 0x40, 0xc0, 0x2b, 0xbf, 0x28, 0x14,
	0x08, 0xa8, 0x43, 0x80, 0x6b, 0x77, 0x0c, 0x86, 0xcb, 0xa6, 0x81, 0x44, 0x18, 0x0a, 0x40, 0xc0,
	0x9c, 0x0a, 0x00, 0x80, 0x70, 0x23, 0x10, 0x11, 0x08, 0x60, 0x84, 0x81, 0x1c, 0xa4, 0x01, 0x10,
	0x00, 0x84, 0x00, 0x80, 0x1a, 0x40, 0x02, 0x02, 0x08, 0x02, 0x00, 0x80, 0x9a, 0x12, 0x02, 0x02,
	0x08, 0x02, 0x00, 0x80, 0x1a, 0x71, 0x22, 0x02, 0x08, 0x02, 0x00, 0x80, 0x8d, 0x06, 0x98, 0x04,
	0x08, 0x08, 0x00, 0x80, 0x1a, 0x14, 0x03, 0x01, 0x01, 0x02, 0x00, 0x80, 0x8d, 0x86, 0xc0, 0x44,
	0x08, 0x0a, 0x40, 0x80, 0x9a, 0xd0, 0x03, 0x10, 0x01, 0x02, 0x00, 0x80, 0x8d, 0x86, 0x80, 0x44,
	0x09, 0x08, 0x40, 0x80, 0x1a, 0x45, 0x23, 0x00, 0x01, 0x02, 0x00, 0x80, 0x09, 0x46, 0x88, 0x0c,
	0x40, 0x8a, 0x00, 0x00, 0x08, 0x04, 0x00, 0x80, 0x1a, 0x90, 0x00, 0x80, 0x6b, 0x27, 0x1c, 0x06,
	0x08, 0x88, 0x43, 0x80, 0xab, 0xaf, 0x04, 0x04, 0x18, 0x08, 0x40, 0xc0, 0x59, 0xc6, 0xc0, 0x4c,
	0x40, 0x88, 0x40, 0x80, 0x9a, 0x56, 0x00, 0x81, 0x8d, 0x86, 0x80, 0x04, 0x0c, 0x0a, 0x40, 0x80,
	0x1a, 0xc1, 0x22, 0x02, 0x08, 0x02, 0x00, 0x80, 0x49, 0xc6, 0x80, 0x4c, 0x41, 0x88, 0x00, 0x00,
	0x08, 0x06, 0x00, 0x80, 0x1a, 0x54, 0x00, 0x80, 0x6b, 0x67, 0x1c, 0x06, 0x08, 0x88, 0x43, 0x80,
	0xab, 0xaf, 0x04, 0x04, 0x18, 0x08, 0x40, 0xc0, 0xdd, 0x86, 0x80, 0x04, 0x0c, 0x0a, 0x40, 0x80,
	0x1a, 0x92, 0x03, 0x02, 0x08, 0x02, 0x00, 0x80, 0x6b, 0x67, 0x1c, 0x04, 0x18, 0x88, 0x43, 0x80,
	0xab, 0xaf, 0x04, 0x04, 0x18, 0x08, 0x40, 0x40, 0x20, 0x04, 0x00, 0x80, 0x8d, 0x86, 0x80, 0x04,
	0x0c, 0x08, 0x40, 0x80, 0x9a, 0x44, 0x22, 0x02, 0x08, 0x02, 0x00, 0x80, 0x8d, 0x16, 0x98, 0x04,
	0x09, 0x0a, 0x00, 0x00, 0x08, 0x04, 0x00, 0x80, 0x1a, 0x91, 0x02, 0x01, 0x01, 0x02, 0x00, 0x80,
	0xcd, 0x86, 0x80, 0x44, 0x48, 0x08, 0x40, 0x80, 0x1a, 0x54, 0x03, 0x00, 0x01, 0x02, 0x00, 0x80,
	0xdd, 0x86, 0x40, 0x44, 0x08, 0x08, 0x40, 0x00, 0x20, 0x04, 0x00, 0x80, 0xcd, 0x16, 0x98, 0x04,
	0x09, 0x0a, 0x00, 0x00, 0x08, 0x04, 0x00, 0x80, 0x1a, 0xc3, 0x22, 0x00, 0x01, 0x02, 0x00, 0x80,
	0xdd, 0x86, 0x00, 0x44, 0x48, 0x08, 0x40, 0x80, 0xcd, 0x86, 0x81, 0x44, 0x09, 0x08, 0x40, 0x80,
	0x9c, 0x06, 0x00, 0x80, 0x03, 0x8e, 0x02, 0x84, 0x03, 0xce, 0x02, 0x04, 0x08, 0x08, 0x40, 0x00,
	0x00, 0x05, 0x00, 0x80, 0x13, 0x8e, 0x22, 0x84, 0x13, 0xce, 0xa2, 0x04, 0x08, 0x08, 0x40, 0x00,
	0x00, 0x05, 0x00, 0x80, 0xdc, 0x01, 0x01, 0x80, 0xaa, 0x75, 0x12, 0x80, 0x1c, 0x03, 0x00, 0x80,
	0x00, 0x00, 0x00, 0x00, 0x00, 0x00, 0x00, 0x00, 0x00, 0x00, 0x00, 0x00, 0x00, 0x00, 0x00, 0x00,
	0xe0, 0xe1, 0x01, 0x43, 0x3a, 0xa1, 0x91, 0xd0, 0x4b, 0x26, 0x00, 0x05, 0x08, 0x08, 0x80, 0x00,
	0x08, 0x16, 0x00, 0x80, 0x1b, 0x76, 0x00, 0x05, 0x08, 0x08, 0x00, 0x00, 0x00, 0x16, 0x00, 0x80,
	0x0f, 0x88, 0x83, 0x05, 0x08, 0x0a, 0x40, 0x80, 0x3e, 0x20, 0x26, 0x30, 0x00, 0x05, 0x40, 0x42,
	0x00, 0x01, 0x0d, 0x92, 0x1b, 0xc8, 0x03, 0x05, 0x18, 0x08, 0x40, 0x80, 0x0b, 0x88, 0x02, 0x04,
	0x1a, 0x08, 0x40, 0x80, 0x1f, 0xc8, 0xa2, 0x04, 0xaa, 0x08, 0x48, 0x80, 0x3e, 0xb0, 0x05, 0x24,
	0x05, 0x85, 0x40, 0x42, 0x00, 0x01, 0x0d, 0x92, 0x4b, 0xa6, 0x10, 0x84, 0x2b, 0xf7, 0x14, 0x84,
	0x5b, 0xb6, 0x30, 0x84, 0x3b, 0xe7, 0x2c, 0x84, 0x85, 0x9e, 0x08, 0x94, 0x85, 0x9e, 0x08, 0x14,
	0x0c, 0x08, 0x40, 0x00, 0x00, 0x05, 0x00, 0x80, 0x95, 0x9e, 0x48, 0x94, 0x95, 0x9e, 0xc8, 0x14,
	0x0c, 0x0a, 0x40, 0x00, 0x00, 0x05, 0x00, 0x80, 0xdc, 0x01, 0x01, 0x80, 0xea, 0x61, 0x53, 0x80,
	0x1c, 0x03, 0x00, 0x80, 0x00, 0x00, 0x00, 0x00, 0x00, 0x00, 0x00, 0x00, 0x00, 0x00, 0x00, 0x00,
	0xe0, 0xe1, 0x01, 0x43, 0x3a, 0xa1, 0x91, 0xd0, 0x5b, 0x26, 0x00, 0x04, 0x0a, 0x08, 0x80, 0x00,
	0x08, 0x16, 0x00, 0x80, 0x0b, 0x76, 0x01, 0x04, 0x0a, 0x08, 0x00, 0x00, 0x00, 0x16, 0x00, 0x80,
	0x1f, 0x88, 0x83, 0x04, 0x0a, 0x0a, 0x40, 0x80, 0x3e, 0x20, 0x22, 0x30, 0x06, 0x05, 0x40, 0x42,
	0x00, 0x01, 0x0d, 0x92, 0x0b, 0xc8, 0x02, 0x05, 0x18, 0x08, 0x40, 0x80, 0x1b, 0x88, 0x02, 0x05,
	0x18, 0x08, 0x40, 0x80, 0x0f, 0xc8, 0xa3, 0x05, 0xa8, 0x08, 0x48, 0x80, 0x3e, 0xb0, 0x06, 0x24,
	0x01, 0x05, 0x40, 0x42, 0x00, 0x01, 0x0d, 0x92, 0x1b, 0xc8, 0x02, 0x05, 0x1a, 0x08, 0x40, 0x80,
	0x0b, 0x88, 0x03, 0x05, 0x1a, 0x08, 0x40, 0x80, 0x1b, 0x88, 0x83, 0x07, 0x02, 0x0a, 0x40, 0x80,
	0x3e, 0xa0, 0x26, 0x30, 0x17, 0x85, 0x40, 0x42, 0x00, 0x01, 0x0d, 0x92, 0x6b, 0xa7, 0x14, 0x84,
	0x0b, 0xc8, 0x02, 0x0e, 0x08, 0x0c, 0x40, 0x80, 0x1b, 0x88, 0x22, 0x0e, 0x08, 0x0c, 0x40, 0x80,
	0x0b, 0xc8, 0x83, 0x06, 0x00, 0x0c, 0x40, 0x80, 0x3e, 0x30, 0x40, 0x34, 0x10, 0x05, 0x41, 0x42,
	0x00, 0x01, 0x0d, 0x92, 0x3b, 0xf7, 0x14, 0x84, 0x4b, 0xb6, 0x30, 0x84, 0x1b, 0xe6, 0x28, 0x04,
	0x08, 0x08, 0x40, 0x00, 0x02, 0x04, 0x00, 0x80, 0x0b, 0xf6, 0x19, 0x8c, 0x5b, 0xb6, 0x39, 0x8c,
	0x1b, 0xe6, 0x20, 0xad, 0x4b, 0xa6, 0x00, 0xaf, 0x0b, 0xb6, 0x01, 0x04, 0x18, 0x08, 0x40, 0x80,
	0x6b, 0xf7, 0x04, 0x04, 0x18, 0x08, 0x40, 0x80, 0x5b, 0xa6, 0x11, 0x84, 0x3b, 0xe7, 0x14, 0x84,
	0x85, 0x9e, 0x10, 0x04, 0x09, 0x48, 0x40, 0x80, 0x85, 0x9e, 0x10, 0x04, 0x0c, 0x48, 0x40, 0x00,
	0x00, 0x05, 0x00, 0x80, 0x95, 0x9e, 0x50, 0x04, 0x09, 0x48, 0x40, 0x80, 0x95, 0x9e, 0xd0, 0x04,
	0x0c, 0x4a, 0x40, 0x00, 0x00, 0x05, 0x00, 0x80, 0xdc, 0x01, 0x01, 0x80, 0xea, 0x61, 0x53, 0x80,
	0x1c, 0x03, 0x00, 0x80, 0x00, 0x00, 0x00, 0x00, 0x00, 0x00, 0x00, 0x00, 0x00, 0x00, 0x00, 0x00,
	0xe0, 0xe1, 0x01, 0x43, 0x3a, 0xa1, 0x91, 0xd0, 0x5b, 0x26, 0x00, 0x04, 0x0a, 0x08, 0x80, 0x00,
	0x08, 0x16, 0x00, 0x80, 0x0b, 0x76, 0x01, 0x04, 0x0a, 0x08, 0x00, 0x00, 0x00, 0x16, 0x00, 0x80,
	0x1f, 0x88, 0x83, 0x04, 0x0a, 0x0a, 0x40, 0x80, 0x3e, 0x20, 0x22, 0x30, 0x06, 0x05, 0x40, 0x42,
	0x00, 0x01, 0x0d, 0x92, 0x0b, 0xc8, 0x02, 0x05, 0x18, 0x08, 0x40, 0x80, 0x1b, 0x88, 0x02, 0x05,
	0x18, 0x08, 0x40, 0x80, 0x0f, 0xc8, 0xa3, 0x05, 0xa8, 0x08, 0x48, 0x80, 0x3e, 0xb0, 0x06, 0x24,
	0x01, 0x05, 0x40, 0x42, 0x00, 0x01, 0x0d, 0x92, 0x1b, 0xc8, 0x02, 0x05, 0x1a, 0x08, 0x40, 0x80,
	0x0b, 0x88, 0x03, 0x05, 0x1a, 0x08, 0x40, 0x80, 0x1b, 0x88, 0x83, 0x07, 0x02, 0x0a, 0x40, 0x80,
	0x3e, 0xa0, 0x26, 0x30, 0x17, 0x85, 0x40, 0x42, 0x00, 0x01, 0x0d, 0x92, 0x6b, 0xa7, 0x14, 0x84,
	0x0b, 0xc8, 0x03, 0x0e, 0x08, 0x0c, 0x40, 0x80, 0x1b, 0x88, 0x23, 0x0e, 0x08, 0x0c, 0x40, 0x80,
	0x0b, 0xc8, 0x82, 0x07, 0x00, 0x0c, 0x40, 0x80, 0x3e, 0x30, 0x43, 0x34, 0x10, 0x05, 0x41, 0x42,
	0x00, 0x01, 0x0d, 0x92, 0x1b, 0x88, 0x22, 0x05, 0x28, 0x0c, 0x40, 0x80, 0x0b, 0xc8, 0x23, 0x05,
	0x28, 0x0c, 0x40, 0x80, 0x1b, 0x88, 0x23, 0x07, 0x00, 0x0c, 0x40, 0x80, 0x3b, 0xf7, 0x14, 0x84,
	0x0b, 0xc8, 0x02, 0x07, 0x28, 0x08, 0x40, 0x80, 0x4b, 0xb6, 0x30, 0x04, 0x0a, 0x0c, 0x40, 0x80,
	0x1b, 0x88, 0x22, 0x07, 0x28, 0x08, 0x40, 0x80, 0x1b, 0xe6, 0xa8, 0x04, 0x0a, 0x0e, 0x40, 0x80,
	0x3e, 0xa0, 0x26, 0x30, 0x24, 0x05, 0x41, 0x42, 0x00, 0x01, 0x0d, 0x92, 0x1b, 0xf6, 0x18, 0x0d,
	0x0a, 0x08, 0x40, 0x80, 0x0b, 0xc8, 0x23, 0x07, 0x00, 0x08, 0x40, 0x80, 0x4b, 0xb6, 0x39, 0x0d,
	0x0a, 0x08, 0x40, 0x80, 0x1b, 0x88, 0x02, 0x06, 0x0a, 0x08, 0x40, 0x80, 0x1b, 0xe6, 0x21, 0x2d,
	0x0a, 0x08, 0x40, 0x80, 0x0b, 0xc8, 0x83, 0x06, 0x0a, 0x08, 0x40, 0x80, 0x4b, 0xa6, 0x00, 0x2f,
	0x0a, 0x08, 0x40, 0x80, 0x3e, 0xb0, 0x06, 0x24, 0x01, 0x05, 0x40, 0x42, 0x00, 0x01, 0x0d, 0x92,
	0x6b, 0xa7, 0x1c, 0x04, 0x18, 0x08, 0x40, 0x80, 0x1b, 0x88, 0x03, 0x0c, 0x02, 0x08, 0x40, 0x80,
	0x3b, 0xf7, 0x1c, 0x04, 0x18, 0x08, 0x40, 0x80, 0x1b, 0xc8, 0x02, 0x0d, 0x0a, 0x08, 0x40, 0x80,
	0x4b, 0xb6, 0x19, 0x0c, 0x28, 0x0c, 0x40, 0x80, 0x0b, 0x88, 0x23, 0x0d, 0x0a, 0x08, 0x40, 0x80,
	0x1b, 0xe6, 0x99, 0x0c, 0x28, 0x0e, 0x40, 0x80, 0x3e, 0xa0, 0x22, 0x30, 0x17, 0x85, 0x40, 0x42,
	0x00, 0x01, 0x0d, 0x92, 0x4b, 0xa6, 0x10, 0x84, 0x1b, 0xc8, 0x83, 0x0d, 0x02, 0x08, 0x40, 0x80,
	0x1b, 0xf6, 0x10, 0x84, 0x3e, 0x30, 0x44, 0x34, 0x16, 0x05, 0x40, 0x42, 0x00, 0x01, 0x0d, 0x92,
	0x4b, 0xb6, 0x31, 0x84, 0x1b, 0xe6, 0x29, 0x04, 0x08, 0x08, 0x40, 0x00, 0x02, 0x04, 0x00, 0x80,
	0x1b, 0xf6, 0x18, 0x8d, 0x4b, 0xb6, 0x38, 0x8d, 0x1b, 0xe6, 0x21, 0xad, 0x4b, 0xa6, 0x01, 0xaf,
	0x4b, 0xa6, 0x10, 0x84, 0x1b, 0xe6, 0x10, 0x84, 0x4b, 0xb6, 0x30, 0x85, 0x0b, 0xf6, 0x31, 0x84,
	0x0b, 0xa6, 0x00, 0x04, 0x18, 0x08, 0x40, 0x80, 0x6b, 0xe7, 0x04, 0x04, 0x18, 0x08, 0x40, 0x80,
	0x1b, 0xa6, 0x30, 0x04, 0x28, 0x08, 0x40, 0x80, 0x3b, 0xf7, 0x24, 0x04, 0x28, 0x08, 0x40, 0x80,
	0x85, 0x16, 0x08, 0x84, 0x85, 0x16, 0x08, 0x04, 0x0c, 0x08, 0x00, 0x00, 0x00, 0x05, 0x00, 0x80,
	0x95, 0x86, 0x40, 0xc4, 0x95, 0x86, 0xc0, 0x44, 0x0c, 0x0a, 0x40, 0x00, 0x00, 0x05, 0x00, 0x80,
	0xdc, 0x01, 0x01, 0x80, 0xea, 0x61, 0x53, 0x80, 0x1c, 0x03, 0x00, 0x80, 0x00, 0x00, 0x00, 0x00,
	0x00, 0x00, 0x00, 0x00, 0x00, 0x00, 0x00, 0x00, 0x00, 0x00, 0x00, 0x00, 0x00, 0x00, 0x00, 0x00,
	0xe0, 0xe1, 0x01, 0x43, 0x3a, 0xa1, 0x91, 0xd0, 0x1b, 0x36, 0x40, 0x04, 0x0a, 0x08, 0x80, 0x04,
	0x00, 0x06, 0x00, 0x80, 0x4b, 0x76, 0x01, 0x04, 0x0a, 0x08, 0x40, 0x80, 0x1f, 0x88, 0x83, 0x04,
	0x0a, 0x0a, 0x40, 0x80, 0x3e, 0x20, 0x20, 0x30, 0x26, 0x08, 0x40, 0x42, 0x00, 0x01, 0x0d, 0x92,
	0x90, 0xe3, 0x00, 0x13, 0x08, 0x60, 0x84, 0x81, 0x1c, 0x14, 0x02, 0x00, 0x00, 0x80, 0x00, 0x80,
	0x78, 0xf3, 0x82, 0x69, 0x2f, 0x00, 0xb2, 0xa5, 0x3e, 0x30, 0x00, 0x34, 0x07, 0x08, 0x40, 0x42,
	0x00, 0x01, 0x0d, 0x92, 0xf0, 0x42, 0x14, 0x58, 0x00, 0x28, 0x90, 0x01, 0x98, 0x0a, 0x4c, 0x84,
	0x4b, 0xa6, 0x10, 0x84, 0x1b, 0xf6, 0x10, 0x84, 0x4b, 0xb6, 0x31, 0x84, 0x1b, 0xe6, 0xa9, 0x84,
	0x1c, 0x0c, 0xfe, 0x7f, 0xff, 0x1b, 0x00, 0x80, 0x4a, 0xe8, 0x07, 0x40, 0x28, 0x18, 0x43, 0x80,
	0x1a, 0x10, 0x80, 0xad, 0x85, 0x0e, 0x00, 0xc4, 0x85, 0x0e, 0x40, 0x44, 0x08, 0x08, 0x40, 0x00,
	0x00, 0x05, 0x00, 0x80, 0x95, 0x0e, 0x00, 0x44, 0x09, 0x08, 0x40, 0x80, 0x95, 0x0e, 0xc0, 0x44,
	0x09, 0x08, 0x40, 0x00, 0x00, 0x05, 0x00, 0x80, 0xdc, 0x01, 0x01, 0x80, 0xea, 0x65, 0x52, 0x80,
	0x1c, 0x03, 0x00, 0x80, 0x00, 0x00, 0x00, 0x00, 0x00, 0x00, 0x00, 0x00, 0x00, 0x00, 0x00, 0x00,
	0xe0, 0xe1, 0x01, 0x43, 0x3a, 0xa1, 0x91, 0xd0, 0x1b, 0x36, 0x40, 0x04, 0x0a, 0x08, 0x80, 0x04,
	0x00, 0x06, 0x00, 0x80, 0x4b, 0x76, 0x01, 0x04, 0x0a, 0x08, 0x40, 0x80, 0x1f, 0x88, 0x83, 0x04,
	0x0a, 0x0a, 0x40, 0x80, 0x3e, 0x20, 0x20, 0x30, 0x26, 0x08, 0x40, 0x42, 0x00, 0x01, 0x0d, 0x92,
	0x90, 0xe3, 0x00, 0x13, 0x08, 0x60, 0x84, 0x81, 0x1c, 0x34, 0x02, 0x00, 0x00, 0x80, 0x00, 0x80,
	0x78, 0xf3, 0x82, 0x69, 0x2f, 0x00, 0xb2, 0xa5, 0x3e, 0x30, 0x00, 0x34, 0x07, 0x08, 0x40, 0x42,
	0x00, 0x01, 0x0d, 0x92, 0xf0, 0x42, 0x14, 0x58, 0x00, 0x28, 0x90, 0x01, 0x98, 0x0a, 0x4c, 0x84,
	0x4b, 0xa6, 0x12, 0x04, 0x08, 0x18, 0x60, 0x80, 0x1b, 0xf6, 0x12, 0x04, 0x08, 0x18, 0x60, 0x80,
	0x4b, 0xb6, 0x33, 0x04, 0x08, 0x18, 0x60, 0x80, 0x1b, 0xe6, 0xab, 0x04, 0x08, 0x18, 0x60, 0x80,
	0x1c, 0xac, 0xfc, 0x7f, 0xff, 0x1b, 0x00, 0x80, 0x03, 0x8e, 0x02, 0x84, 0x03, 0xce, 0x02, 0x04,
	0x08, 0x08, 0x40, 0x00, 0x00, 0x05, 0x00, 0x80, 0x13, 0x8e, 0x22, 0x84, 0x13, 0xce, 0xa2, 0x04,
	0x08, 0x08, 0x40, 0x00, 0x00, 0x05, 0x00, 0x80, 0xdc, 0x01, 0x01, 0x80, 0xaa, 0x75, 0x12, 0x80,
	0x1c, 0x03, 0x00, 0x80, 0x00, 0x00, 0x00, 0x00, 0x00, 0x00, 0x00, 0x00, 0x00, 0x00, 0x00, 0x00,
	0xe0, 0xe1, 0x01, 0x43, 0x3a, 0xa1, 0x91, 0xd0, 0x1b, 0x36, 0x40, 0x04, 0x0a, 0x08, 0x80, 0x04,
	0x00, 0x06, 0x00, 0x80, 0x4b, 0x76, 0x01, 0x04, 0x0a, 0x08, 0x40, 0x80, 0x1f, 0x88, 0x83, 0x04,
	0x0a, 0x0a, 0x40, 0x80, 0x3e, 0x20, 0x20, 0x30, 0x26, 0x08, 0x40, 0x42, 0x00, 0x01, 0x0d, 0x92,
	0x90, 0xe3, 0x00, 0x13, 0x08, 0x60, 0x84, 0x81, 0x1c, 0x34, 0x02, 0x00, 0x00, 0x80, 0x00, 0x80,
	0x78, 0xf3, 0x82, 0x69, 0x2f, 0x00, 0xb2, 0xa5, 0x3e, 0x30, 0x00, 0x34, 0x07, 0x08, 0x40, 0x42,
	0x00, 0x01, 0x0d, 0x92, 0xf0, 0x42, 0x14, 0x58, 0x00, 0x28, 0x90, 0x01, 0x98, 0x0a, 0x4c, 0x84,
	0x4b, 0xa6, 0x12, 0x04, 0x08, 0x18, 0x61, 0x80, 0x1b, 0xf6, 0x12, 0x04, 0x08, 0x18, 0x61, 0x80,
	0x4b, 0xb6, 0x33, 0x04, 0x08, 0x18, 0x61, 0x80, 0x1b, 0xe6, 0xab, 0x04, 0x08, 0x18, 0x61, 0x80,
	0x1c, 0xac, 0xfc, 0x7f, 0xff, 0x1b, 0x00, 0x80, 0x03, 0x8e, 0x02, 0x84, 0x03, 0xce, 0x02, 0x04,
	0x08, 0x08, 0x40, 0x00, 0x00, 0x05, 0x00, 0x80, 0x13, 0x8e, 0x22, 0x84, 0x13, 0xce, 0xa2, 0x04,
	0x08, 0x08, 0x40, 0x00, 0x00, 0x05, 0x00, 0x80, 0xdc, 0x01, 0x01, 0x80, 0xaa, 0x75, 0x12, 0x80,
	0x1c, 0x03, 0x00, 0x80, 0x00, 0x00, 0x00, 0x00, 0x00, 0x00, 0x00, 0x00, 0x00, 0x00, 0x00, 0x00,
	0xa0, 0x61, 0x02, 0x43, 0x7a, 0xa1, 0x91, 0xd0, 0x09, 0x46, 0x00, 0x04, 0x00, 0x08, 0xc0, 0x80,
	0x19, 0x56, 0xe0, 0x04, 0x00, 0x0a, 0x40, 0x80, 0x78, 0xf2, 0x82, 0x69, 0x2d, 0x00, 0x92, 0x25,
	0x42, 0x82, 0x00, 0x9a, 0xbe, 0x31, 0x20, 0x30, 0x08, 0x0c, 0x40, 0x42, 0x00, 0x01, 0x0d, 0x92,
	0xdc, 0x01, 0x01, 0x80, 0x9c, 0x02, 0x00, 0x00, 0x00, 0x00, 0x04, 0x80, 0x6a, 0x69, 0x12, 0x80,
	0x1c, 0x03, 0x00, 0x80, 0x00, 0x00, 0x00, 0x00, 0x00, 0x00, 0x00, 0x00, 0x00, 0x00, 0x00, 0x00,
	0x00, 0x00, 0x00, 0x00, 0x00, 0x00, 0x00, 0x00, 0x00, 0x00, 0x00, 0x00, 0x00, 0x00, 0x00, 0x00,
	0xe0, 0xe1, 0x01, 0x43, 0x3a, 0xa1, 0x91, 0xd0, 0x09, 0x46, 0x01, 0x04, 0x00, 0x08, 0xc0, 0x80,
	0x19, 0x56, 0xe1, 0x04, 0x00, 0x0a, 0x40, 0x80, 0xbe, 0x21, 0xbb, 0x37, 0x00, 0x00, 0x40, 0x42,
	0x00, 0x01, 0x8d, 0x83, 0xbe, 0xa1, 0x98, 0x23, 0x00, 0x00, 0x40, 0x42, 0x00, 0x01, 0x0d, 0x82,
	0x30, 0x23, 0x13, 0x00, 0x08, 0x60, 0x84, 0x81, 0x2b, 0x89, 0x06, 0x06, 0x00, 0x08, 0x40, 0x00,
	0x02, 0x04, 0x00, 0x80, 0xad, 0x07, 0x54, 0x04, 0x49, 0x08, 0xc0, 0x88, 0x6b, 0xaf, 0x04, 0x04,
	0x18, 0x08, 0x50, 0x80, 0xbd, 0x07, 0x14, 0x04, 0x48, 0x08, 0x40, 0x80, 0x8d, 0x06, 0x50, 0x05,
	0x48, 0x08, 0x40, 0x80, 0x9d, 0x06, 0x10, 0x05, 0x49, 0x08, 0x40, 0x80, 0x8d, 0x06, 0x51, 0x05,
	0x49, 0x08, 0x40, 0x00, 0x10, 0x04, 0x00, 0x80, 0x09, 0xc6, 0x00, 0x44, 0x18, 0x08, 0x40, 0x80,
	0x19, 0x86, 0x40, 0xc6, 0x09, 0xc6, 0x01, 0x46, 0x09, 0x08, 0x40, 0x80, 0x19, 0x86, 0xe1, 0x46,
	0x09, 0x0a, 0x40, 0x80, 0xca, 0x89, 0x03, 0x60, 0x10, 0x10, 0x70, 0x00, 0x38, 0x00, 0x40, 0x80,
	0xdc, 0x01, 0x01, 0x80, 0x9c, 0x02, 0x00, 0x00, 0x00, 0x00, 0x20, 0x80, 0xaa, 0x72, 0x00, 0x80,
	0x1c, 0x03, 0x00, 0x80, 0x00, 0x00, 0x00, 0x00, 0x00, 0x00, 0x00, 0x00, 0x00, 0x00, 0x00, 0x00,
	0x1e, 0x00, 0x01, 0x80, 0xe0, 0xe1, 0x05, 0x63, 0x3a, 0xa3, 0x91, 0xd0, 0x4b, 0x26, 0x30, 0x04,
	0x08, 0x08, 0x40, 0x81, 0x1b, 0x76, 0xb0, 0x84, 0x3e, 0x30, 0xc2, 0x37, 0x01, 0x00, 0x40, 0x42,
	0x00, 0x01, 0x0d, 0x8e, 0x3e, 0xa0, 0xc1, 0x23, 0x01, 0x00, 0x40, 0x42, 0x00, 0x01, 0x8d, 0x83,
	0x0b, 0xc8, 0x23, 0x06, 0x02, 0x0c, 0x40, 0x80, 0x30, 0x23, 0x16, 0x00, 0x08, 0x60, 0x84, 0x81,
	0x0b, 0xc8, 0x22, 0x06, 0x02, 0x0c, 0x40, 0x80, 0x0b, 0xc8, 0x23, 0x07, 0x00, 0x0c, 0x40, 0x80,
	0x0b, 0xc8, 0x22, 0x07, 0x00, 0x0c, 0x40, 0x80, 0x0b, 0xc8, 0x22, 0x06, 0x00, 0x0c, 0x40, 0x80,
	0x0b, 0xc8, 0xa2, 0x07, 0x02, 0x08, 0x40, 0x00, 0x10, 0x04, 0x00, 0x80, 0x1c, 0xec, 0x07, 0x10,
	0x00, 0x84, 0x00, 0x80, 0x78, 0x10, 0xf1, 0x7f, 0x01, 0x8c, 0xfc, 0x27, 0x78, 0xc2, 0x02, 0x9a,
	0x5e, 0x23, 0x00, 0x80, 0x1c, 0x78, 0x06, 0x90, 0x2f, 0xc9, 0x82, 0x84, 0x78, 0x1c, 0xf1, 0x7f,
	0x41, 0x8c, 0xfc, 0x17, 0x78, 0x40, 0x02, 0x9b, 0x5e, 0x18, 0x06, 0x80, 0x1c, 0x74, 0x05, 0x90,
	0x9d, 0x06, 0xd9, 0x04, 0x0b, 0x08, 0x00, 0x00, 0x08, 0x04, 0x00, 0x80, 0x3e, 0x30, 0xc3, 0x33,
	0x17, 0x00, 0x40, 0x42, 0x00, 0x01, 0x0d, 0x82, 0xdd, 0x86, 0x81, 0x45, 0x4a, 0x0a, 0x40, 0x80,
	0x3e, 0xa0, 0xe7, 0x27, 0x17, 0x00, 0x40, 0x42, 0x00, 0x01, 0x0d, 0x82, 0xdd, 0x86, 0xc1, 0x44,
	0x48, 0x0c, 0x40, 0x00, 0x02, 0x04, 0x00, 0x80, 0x6b, 0x27, 0x24, 0x0e, 0x08, 0x08, 0x50, 0x80,
	0x3e, 0xb0, 0x83, 0x33, 0x05, 0x00, 0x41, 0x42, 0x00, 0x01, 0x0d, 0x82, 0x29, 0x87, 0x64, 0x4e,
	0x49, 0x08, 0x40, 0x80, 0xcd, 0x86, 0x00, 0x44, 0x0c, 0x08, 0x00, 0x00, 0x00, 0x16, 0x00, 0x80,
	0x6b, 0x27, 0x1c, 0x04, 0x18, 0x08, 0x40, 0x00, 0x40, 0x04, 0x00, 0x80, 0x3b, 0x8f, 0x06, 0x04,
	0x18, 0x08, 0x40, 0x82, 0x2b, 0xcf, 0x86, 0x04, 0x18, 0x0a, 0x50, 0x80, 0x30, 0xbe, 0x50, 0x56,
	0x8e, 0x28, 0x98, 0x81, 0x1b, 0x36, 0x98, 0x05, 0x18, 0x0e, 0xc0, 0x80, 0x3e, 0x20, 0xa6, 0x33,
	0x04, 0x80, 0x41, 0x42, 0x00, 0x01, 0x0d, 0x82, 0x2b, 0x37, 0x24, 0x04, 0x28, 0x08, 0x50, 0x80,
	0x29, 0x87, 0x24, 0x44, 0x28, 0x09, 0x40, 0x80, 0x9d, 0x06, 0x18, 0x05, 0x0c, 0x08, 0x00, 0x00,
	0x00, 0x16, 0x00, 0x80, 0x6b, 0x27, 0x1c, 0x04, 0x18, 0x08, 0x40, 0x00, 0x40, 0x04, 0x00, 0x80,
	0x3b, 0x8f, 0x06, 0x04, 0x18, 0x08, 0x40, 0x82, 0x2b, 0xcf, 0x86, 0x04, 0x18, 0x08, 0x50, 0x80,
	0x70, 0xbe, 0x56, 0x76, 0x0e, 0x28, 0x98, 0x81, 0x1b, 0x36, 0x99, 0x05, 0x18, 0x0c, 0x40, 0x81,
	0x3e, 0xb0, 0x87, 0x27, 0x14, 0x00, 0x61, 0x42, 0x00, 0x01, 0x0d, 0x82, 0x6b, 0x37, 0x04, 0x06,
	0x08, 0x08, 0x50, 0x80, 0x29, 0x87, 0x44, 0x46, 0x08, 0x09, 0x40, 0x80, 0x8d, 0x06, 0x18, 0x05,
	0x0c, 0x08, 0x00, 0x00, 0x00, 0x16, 0x00, 0x80, 0x6b, 0x27, 0x1c, 0x04, 0x18, 0x08, 0x40, 0x00,
	0x40, 0x04, 0x00, 0x80, 0x3b, 0x8f, 0x06, 0x04, 0x18, 0x08, 0x40, 0x82, 0x2b, 0xcf, 0x86, 0x04,
	0x18, 0x0a, 0x50, 0x80, 0x30, 0xbe, 0x52, 0x56, 0x8e, 0x28, 0x98, 0x81, 0x1b, 0x36, 0x98, 0x04,
	0x1a, 0x0e, 0xc0, 0x80, 0x3e, 0xa0, 0xe0, 0x33, 0x17, 0x00, 0x41, 0x42, 0x00, 0x01, 0x0d, 0x82,
	0x2b, 0xaf, 0x00, 0x0c, 0x00, 0x88, 0x40, 0x80, 0x2d, 0x0f, 0x04, 0x44, 0x09, 0x09, 0x40, 0x00,
	0x02, 0x04, 0x00, 0x80, 0x8d, 0x06, 0x18, 0x04, 0x0c, 0x08, 0x00, 0x00, 0x00, 0x16, 0x00, 0x80,
	0x6b, 0x27, 0x1c, 0x04, 0x18, 0x08, 0x40, 0x00, 0x40, 0x04, 0x00, 0x80, 0x3b, 0x8f, 0x06, 0x04,
	0x18, 0x08, 0x40, 0x82, 0x2b, 0xcf, 0x86, 0x04, 0x18, 0x08, 0x50, 0x80, 0x20, 0xbc, 0x54, 0x76,
	0x0e, 0x22, 0xb8, 0x01, 0x98, 0x0a, 0x8c, 0x84, 0x0b, 0xc8, 0x22, 0x0f, 0x08, 0x08, 0x40, 0x00,
	0x20, 0x04, 0x00, 0x80, 0x1b, 0x88, 0xa2, 0x8f, 0x9c, 0x0e, 0x00, 0x80, 0x1e, 0x14, 0x00, 0x80,
	0x1c, 0x74, 0x01, 0x80, 0x1b, 0xc8, 0x03, 0x0c, 0x00, 0x08, 0x40, 0x80, 0x0b, 0x88, 0x22, 0x0d,
	0x00, 0x08, 0x40, 0x80, 0x1b, 0xc8, 0xa2, 0x0d, 0x00, 0x08, 0x40, 0x80, 0x9c, 0x06, 0x00, 0x80,
	0x9e, 0x20, 0x00, 0x80, 0x1c, 0x44, 0x03, 0x80, 0x7b, 0x67, 0x24, 0x04, 0x08, 0x08, 0x53, 0x80,
	0xab, 0xe7, 0x2c, 0x06, 0x08, 0x08, 0x40, 0xc0, 0x19, 0xc6, 0x61, 0x44, 0x0c, 0x08, 0x40, 0x80,
	0x3b, 0x37, 0x04, 0x06, 0x08, 0x08, 0x53, 0x80, 0xab, 0xe7, 0x2c, 0x06, 0x08, 0x08, 0x40, 0xc0,
	0x09, 0x86, 0x40, 0x47, 0x0c, 0x08, 0x40, 0x80, 0x7b, 0x77, 0x04, 0x06, 0x08, 0x08, 0x53, 0x80,
	0xab, 0xe7, 0x2c, 0x06, 0x08, 0x08, 0x40, 0xc0, 0x19, 0xc6, 0xc0, 0x47, 0x0c, 0x08, 0x40, 0x80,
	0x9c, 0x06, 0x00, 0x80, 0xca, 0x88, 0x47, 0x40, 0x10, 0x10, 0x70, 0x00, 0x38, 0x00, 0x40, 0x80,
	0xdc, 0x01, 0x01, 0x80, 0x9c, 0x02, 0x00, 0x00, 0x00, 0x00, 0x04, 0x80, 0x6a, 0x6a, 0x00, 0x80,
	0x1c, 0x03, 0x00, 0x80, 0x00, 0x00, 0x00, 0x00, 0x00, 0x00, 0x00, 0x00, 0x00, 0x00, 0x00, 0x00,
	0xe0, 0xe1, 0x01, 0x43, 0x3a, 0xa1, 0x91, 0xd0, 0x09, 0x46, 0x00, 0x04, 0x00, 0x08, 0xc0, 0x80,
	0x19, 0x56, 0xe0, 0x04, 0x00, 0x0a, 0x40, 0x80, 0xbe, 0x21, 0xa0, 0x33, 0x20, 0x00, 0x40, 0x42,
	0x00, 0x01, 0x0d, 0x82, 0xed, 0x07, 0x14, 0x84, 0x29, 0x17, 0x54, 0x04, 0x18, 0x08, 0x40, 0x80,
	0xfd, 0x07, 0x0c, 0x84, 0x39, 0x57, 0x4c, 0x04, 0x18, 0x08, 0x40, 0x80, 0xcd, 0x06, 0x18, 0x84,
	0x09, 0x16, 0x58, 0x84, 0x59, 0x16, 0x10, 0x04, 0x19, 0x08, 0x00, 0x00, 0x00, 0x06, 0x00, 0x80,
	0x69, 0x57, 0x0c, 0x04, 0x1c, 0x08, 0x40, 0x80, 0x79, 0x17, 0x1c, 0x04, 0x09, 0x08, 0x40, 0x80,
	0x01, 0x46, 0x48, 0x04, 0x09, 0x08, 0x40, 0x80, 0x01, 0x06, 0x58, 0x04, 0x19, 0x08, 0x00, 0x00,
	0x00, 0x07, 0x00, 0x80, 0x11, 0x46, 0x00, 0x24, 0x1c, 0x08, 0x40, 0x80, 0x13, 0x8e, 0x82, 0x04,
	0x18, 0x08, 0x40, 0x00, 0x00, 0x05, 0x00, 0x80, 0xdc, 0x01, 0x01, 0x80, 0x6a, 0x6d, 0x12, 0x80,
	0x1c, 0x03, 0x00, 0x80, 0x00, 0x00, 0x00, 0x00, 0x00, 0x00, 0x00, 0x00, 0x00, 0x00, 0x00, 0x00,
	0xe0, 0xe1, 0x01, 0x43, 0x3a, 0xa1, 0xb1, 0xd0, 0x09, 0x46, 0x00, 0x04, 0x40, 0x08, 0xc0, 0x80,
	0x19, 0x56, 0xe0, 0x04, 0x40, 0x0a, 0x40, 0x80, 0xbe, 0x21, 0xa2, 0x33, 0x00, 0x00, 0x40, 0x42,
	0x00, 0x01, 0x8d, 0x83, 0xbe, 0xa1, 0x84, 0x27, 0x21, 0x00, 0x40, 0x42, 0x00, 0x01, 0x0d, 0x82,
	0x78, 0x10, 0x73, 0x5d, 0x05, 0x09, 0x26, 0x20, 0x40, 0x80, 0x00, 0x9a, 0x78, 0x31, 0x62, 0x5f,
	0x07, 0x08, 0x26, 0x20, 0x40, 0x80, 0x00, 0x9a, 0x78, 0x11, 0x71, 0x7d, 0x11, 0x09, 0x26, 0x20,
	0x40, 0x80, 0x00, 0x9a, 0x78, 0x70, 0x80, 0x16, 0x06, 0x88, 0xcc, 0x21, 0x40, 0x80, 0x00, 0x9a,
	0x78, 0x9c, 0xf3, 0x7d, 0x61, 0x0c, 0xf4, 0x15, 0x78, 0xca, 0x1a, 0x9b, 0xcb, 0xa6, 0x10, 0x04,
	0x08, 0x08, 0x40, 0xc1, 0x9b, 0xf6, 0x10, 0x04, 0x08, 0x08, 0x40, 0xc0, 0xcb, 0xb6, 0x31, 0x04,
	0x08, 0x08, 0x40, 0xc0, 0x9b, 0xe6, 0xa9, 0x04, 0x08, 0x08, 0x40, 0xc0, 0xca, 0x89, 0x13, 0x40,
	0x10, 0x10, 0x70, 0x00, 0x38, 0x00, 0x40, 0x80, 0xdc, 0x01, 0x01, 0x80, 0x9c, 0x02, 0x00, 0x00,
	0x00, 0x00, 0x20, 0x80, 0xaa, 0x72, 0x00, 0x80, 0x1c, 0x03, 0x00, 0x80, 0x00, 0x00, 0x00, 0x00,
	0x00, 0x00, 0x00, 0x00, 0x00, 0x00, 0x00, 0x00, 0x00, 0x00, 0x00, 0x00, 0x00, 0x00, 0x00, 0x00,
	0xe0, 0xe1, 0x01, 0x43, 0x3a, 0xa1, 0x91, 0xd0, 0x4b, 0x26, 0x00, 0x04, 0x08, 0x08, 0xc0, 0x80,
	0x1b, 0x76, 0x00, 0x84, 0x0b, 0xc8, 0xa3, 0x04, 0x00, 0x0a, 0x40, 0x80, 0x3e, 0x20, 0xa0, 0x33,
	0x20, 0x00, 0x80, 0x42, 0x00, 0x01, 0x0d, 0x82, 0xca, 0x81, 0x03, 0x40, 0x00, 0x10, 0x60, 0x02,
	0x38, 0x00, 0x40, 0x80, 0xca, 0x8b, 0x43, 0x40, 0x00, 0x10, 0x60, 0x02, 0x38, 0x00, 0x40, 0x80,
	0xdc, 0x01, 0x01, 0x80, 0x9c, 0x02, 0x00, 0x00, 0x00, 0x00, 0x20, 0x80, 0xaa, 0x72, 0x12, 0x80,
	0x1c, 0x03, 0x00, 0x80, 0x00, 0x00, 0x00, 0x00, 0x00, 0x00, 0x00, 0x00, 0x00, 0x00, 0x00, 0x00,
	0xe0, 0xe1, 0x01, 0x43, 0x3a, 0xa1, 0x91, 0xd0, 0x09, 0x46, 0x00, 0x04, 0x00, 0x08, 0xc0, 0x80,
	0x19, 0x56, 0xe0, 0x04, 0x00, 0x0a, 0x40, 0x80, 0xbe, 0x21, 0xa0, 0x33, 0x20, 0x00, 0x40, 0x42,
	0x00, 0x01, 0x0d, 0x82, 0xca, 0x81, 0x03, 0x40, 0x00, 0x10, 0x60, 0x02, 0x38, 0x00, 0x40, 0x80,
	0xca, 0x8b, 0x43, 0x40, 0x00, 0x10, 0x60, 0x02, 0x38, 0x00, 0x40, 0x80, 0xdc, 0x01, 0x01, 0x80,
	0x9c, 0x02, 0x00, 0x00, 0x00, 0x00, 0x20, 0x80, 0xaa, 0x72, 0x12, 0x80, 0x1c, 0x03, 0x00, 0x80,
	0x00, 0x00, 0x00, 0x00, 0x00, 0x00, 0x00, 0x00, 0x00, 0x00, 0x00, 0x00, 0x00, 0x00, 0x00, 0x00,
	0xe0, 0xe1, 0x01, 0x43, 0x3a, 0xa1, 0x91, 0xd0, 0x4b, 0x26, 0x00, 0x04, 0x08, 0x08, 0xc0, 0x80,
	0x1b, 0x76, 0x80, 0x04, 0x08, 0x0a, 0x40, 0x80, 0x78, 0xf2, 0x82, 0x69, 0x2d, 0x00, 0x92, 0x25,
	0x42, 0x82, 0x00, 0x9a, 0x3e, 0x30, 0x20, 0x30, 0x20, 0x05, 0x40, 0x42, 0x00, 0x01, 0x0d, 0x92,
	0xca, 0x81, 0x03, 0x40, 0x00, 0x10, 0x60, 0x02, 0x38, 0x00, 0x40, 0x80, 0xca, 0x8b, 0x43, 0x40,
	0x00, 0x10, 0x60, 0x02, 0x38, 0x00, 0x40, 0x80, 0xdc, 0x01, 0x01, 0x80, 0x9c, 0x02, 0x00, 0x00,
	0x00, 0x00, 0x20, 0x80, 0xaa, 0x72, 0x12, 0x80, 0x1c, 0x03, 0x00, 0x80, 0x00, 0x00, 0x00, 0x00,
	0xe0, 0xe1, 0x01, 0x43, 0x3a, 0xa1, 0x91, 0xd0, 0x1b, 0x36, 0x40, 0x04, 0x0a, 0x08, 0x80, 0x04,
	0x00, 0x06, 0x00, 0x80, 0x4b, 0x76, 0x01, 0x04, 0x0a, 0x08, 0x40, 0x80, 0x1f, 0x88, 0x83, 0x04,
	0x0a, 0x0a, 0x40, 0x80, 0x3e, 0x20, 0x20, 0x30, 0x26, 0x08, 0x40, 0x42, 0x00, 0x01, 0x0d, 0x92,
	0x90, 0xe3, 0x00, 0x13, 0x08, 0x60, 0x84, 0x81, 0x1c, 0x14, 0x02, 0x00, 0x00, 0x80, 0x00, 0x80,
	0x78, 0xf3, 0x82, 0x69, 0x2f, 0x00, 0xb2, 0xa5, 0x3e, 0x30, 0x00, 0x34, 0x07, 0x08, 0x40, 0x42,
	0x00, 0x01, 0x0d, 0x92, 0xf0, 0x42, 0x14, 0x58, 0x00, 0x28, 0x90, 0x01, 0x98, 0x0a, 0x4c, 0x84,
	0x4b, 0xa6, 0x10, 0x84, 0x1b, 0xf6, 0x10, 0x84, 0x4b, 0xb6, 0x31, 0x84, 0x1b, 0xe6, 0xa9, 0x84,
	0x1c, 0x0c, 0xfe, 0x7f, 0xff, 0x1b, 0x00, 0x80, 0x4a, 0xe8, 0x07, 0x40, 0x28, 0x18, 0x43, 0x80,
	0x1a, 0x10, 0x80, 0xad, 0x8d, 0x0e, 0x00, 0xc4, 0x9d, 0x0e, 0xc0, 0xc4, 0xca, 0x89, 0x13, 0x40,
	0x00, 0x30, 0x60, 0x02, 0x38, 0x00, 0x40, 0x80, 0x9d, 0x0e, 0x00, 0x44, 0x09, 0x08, 0x40, 0x80,
	0x8d, 0x0e, 0xc1, 0x44, 0x09, 0x0a, 0x40, 0x80, 0xca, 0x8a, 0x07, 0x60, 0x00, 0x10, 0x60, 0x02,
	0x38, 0x00, 0x40, 0x80, 0xdc, 0x01, 0x01, 0x80, 0x9c, 0x02, 0x00, 0x00, 0x00, 0x00, 0x04, 0x80,
	0x6a, 0x6a, 0x12, 0x80, 0x1c, 0x03, 0x00, 0x80, 0x00, 0x00, 0x00, 0x00, 0x00, 0x00, 0x00, 0x00,
	0x00, 0x00, 0x00, 0x00, 0x00, 0x00, 0x00, 0x00, 0x00, 0x00, 0x00, 0x00, 0x00, 0x00, 0x00, 0x00,
	0xe0, 0xe1, 0x01, 0x43, 0x3a, 0xa1, 0x91, 0xd0, 0x1b, 0x36, 0x40, 0x04, 0x0a, 0x08, 0x80, 0x04,
	0x00, 0x06, 0x00, 0x80, 0x4b, 0x76, 0x01, 0x04, 0x0a, 0x08, 0x40, 0x80, 0x1f, 0x88, 0x83, 0x04,
	0x0a, 0x0a, 0x40, 0x80, 0x3e, 0x20, 0x20, 0x34, 0x27, 0x08, 0x40, 0x42, 0x00, 0x01, 0x0d, 0x92,
	0x90, 0xe3, 0x00, 0x13, 0x08, 0x60, 0x84, 0x81, 0x1c, 0x34, 0x02, 0x00, 0x00, 0x80, 0x00, 0x80,
	0x78, 0xf3, 0x82, 0x69, 0x2f, 0x00, 0xb2, 0xa5, 0x3e, 0x30, 0x00, 0x30, 0x06, 0x08, 0x40, 0x42,
	0x00, 0x01, 0x0d, 0x92, 0xf0, 0x42, 0x14, 0x58, 0x00, 0x28, 0x90, 0x01, 0x98, 0x0a, 0x4c, 0x84,
	0x1b, 0xe6, 0x02, 0x07, 0x08, 0x18, 0x60, 0x80, 0x4b, 0xa6, 0x23, 0x07, 0x08, 0x18, 0x60, 0x80,
	0x1b, 0xf6, 0x23, 0x07, 0x08, 0x18, 0x60, 0x80, 0x4b, 0xb6, 0x82, 0x0c, 0x0a, 0x18, 0x60, 0x80,
	0x1c, 0xac, 0xfc, 0x7f, 0xff, 0x1b, 0x00, 0x80, 0xca, 0x88, 0x27, 0x40, 0x00, 0x10, 0x60, 0x02,
	0x38, 0x00, 0x40, 0x80, 0xca, 0x83, 0x67, 0x40, 0x00, 0x10, 0x60, 0x02, 0x38, 0x00, 0x40, 0x80,
	0xdc, 0x01, 0x01, 0x80, 0x9c, 0x02, 0x00, 0x00, 0x00, 0x00, 0x10, 0x80, 0xea, 0x62, 0x52, 0x80,
	0x1c, 0x03, 0x00, 0x80, 0x00, 0x00, 0x00, 0x00, 0x00, 0x00, 0x00, 0x00, 0x00, 0x00, 0x00, 0x00,
	0xe0, 0xe1, 0x01, 0x43, 0x3a, 0xa1, 0x91, 0xd0, 0x1b, 0x36, 0x40, 0x04, 0x0a, 0x08, 0x80, 0x04,
	0x00, 0x06, 0x00, 0x80, 0x4b, 0x76, 0x01, 0x04, 0x0a, 0x08, 0x40, 0x80, 0x1f, 0x88, 0x83, 0x04,
	0x0a, 0x0a, 0x40, 0x80, 0x3e, 0x20, 0x20, 0x34, 0x27, 0x08, 0x40, 0x42, 0x00, 0x01, 0x0d, 0x92,
	0x90, 0xe3, 0x00, 0x13, 0x08, 0x60, 0x84, 0x81, 0x1c, 0x34, 0x02, 0x00, 0x00, 0x80, 0x00, 0x80,
	0x78, 0xf3, 0x82, 0x69, 0x2f, 0x00, 0xb2, 0xa5, 0x3e, 0x30, 0x00, 0x30, 0x06, 0x08, 0x40, 0x42,
	0x00, 0x01, 0x0d, 0x92, 0xf0, 0x42, 0x14, 0x58, 0x00, 0x28, 0x90, 0x01, 0x98, 0x0a, 0x4c, 0x84,
	0x1b, 0xe6, 0x02, 0x07, 0x08, 0x18, 0x61, 0x80, 0x4b, 0xa6, 0x23, 0x07, 0x08, 0x18, 0x61, 0x80,
	0x1b, 0xf6, 0x23, 0x07, 0x08, 0x18, 0x61, 0x80, 0x4b, 0xb6, 0x82, 0x0c, 0x0a, 0x18, 0x61, 0x80,
	0x1c, 0xac, 0xfc, 0x7f, 0xff, 0x1b, 0x00, 0x80, 0xca, 0x88, 0x27, 0x40, 0x00, 0x10, 0x60, 0x02,
	0x38, 0x00, 0x40, 0x80, 0xca, 0x83, 0x67, 0x40, 0x00, 0x10, 0x60, 0x02, 0x38, 0x00, 0x40, 0x80,
	0xdc, 0x01, 0x01, 0x80, 0x9c, 0x02, 0x00, 0x00, 0x00, 0x00, 0x10, 0x80, 0xea, 0x62, 0x52, 0x80,
	0x1c, 0x03, 0x00, 0x80, 0x00, 0x00, 0x00, 0x00, 0x00, 0x00, 0x00, 0x00, 0x00, 0x00, 0x00, 0x00,
	0xa0, 0x61, 0x02, 0x43, 0x7a, 0xa1, 0x91, 0xd0, 0x09, 0x46, 0x00, 0x04, 0x00, 0x08, 0xc0, 0x80,
	0x19, 0x56, 0xe0, 0x04, 0x00, 0x0a, 0x40, 0x80, 0x78, 0xf2, 0x82, 0x69, 0x2d, 0x00, 0x92, 0x25,
	0x42, 0x82, 0x00, 0x9a, 0xbe, 0x31, 0x20, 0x30, 0x20, 0x0c, 0x40, 0x42, 0x00, 0x01, 0x0d, 0x92,
	0xca, 0x81, 0x03, 0x40, 0x00, 0x10, 0x60, 0x02, 0x38, 0x00, 0x40, 0x80, 0xca, 0x8b, 0x43, 0x40,
	0x00, 0x10, 0x60, 0x02, 0x38, 0x00, 0x40, 0x80, 0xdc, 0x01, 0x01, 0x80, 0x9c, 0x02, 0x00, 0x00,
	0x00, 0x00, 0x20, 0x80, 0xaa, 0x72, 0x12, 0x80, 0x1c, 0x03, 0x00, 0x80, 0x00, 0x00, 0x00, 0x00,
	0xe0, 0xe1, 0x01, 0x43, 0x3a, 0xa1, 0x91, 0xd0, 0x4b, 0x26, 0x00, 0x04, 0x08, 0x08, 0xc0, 0x80,
	0x1b, 0x76, 0x00, 0x84, 0x0b, 0xc8, 0xa3, 0x04, 0x00, 0x0a, 0x40, 0x80, 0x3e, 0x20, 0xa0, 0x33,
	0x20, 0x00, 0x80, 0x42, 0x00, 0x01, 0x0d, 0x82, 0xca, 0x81, 0x03, 0x40, 0x10, 0x00, 0x42, 0x02,
	0x38, 0x00, 0x40, 0x80, 0xca, 0x8b, 0x43, 0x40, 0x10, 0x00, 0x42, 0x02, 0x38, 0x00, 0x40, 0x80,
	0xdc, 0x01, 0x01, 0x80, 0x9c, 0x02, 0x00, 0x00, 0x00, 0x00, 0x20, 0x80, 0xaa, 0x72, 0x12, 0x80,
	0x1c, 0x03, 0x00, 0x80, 0x00, 0x00, 0x00, 0x00, 0x00, 0x00, 0x00, 0x00, 0x00, 0x00, 0x00, 0x00,
	0xe0, 0xe1, 0x01, 0x43, 0x3a, 0xa1, 0x91, 0xd0, 0x09, 0x46, 0x00, 0x04, 0x00, 0x08, 0xc0, 0x80,
	0x19, 0x56, 0xe0, 0x04, 0x00, 0x0a, 0x40, 0x80, 0xbe, 0x21, 0xa0, 0x33, 0x20, 0x00, 0x40, 0x42,
	0x00, 0x01, 0x0d, 0x82, 0xca, 0x81, 0x03, 0x40, 0x10, 0x00, 0x42, 0x02, 0x38, 0x00, 0x40, 0x80,
	0xca, 0x8b, 0x43, 0x40, 0x10, 0x00, 0x42, 0x02, 0x38, 0x00, 0x40, 0x80, 0xdc, 0x01, 0x01, 0x80,
	0x9c, 0x02, 0x00, 0x00, 0x00, 0x00, 0x20, 0x80, 0xaa, 0x72, 0x12, 0x80, 0x1c, 0x03, 0x00, 0x80,
	0x00, 0x00, 0x00, 0x00, 0x00, 0x00, 0x00, 0x00, 0x00, 0x00, 0x00, 0x00, 0x00, 0x00, 0x00, 0x00,
	0xe0, 0xe1, 0x01, 0x43, 0x3a, 0xa1, 0x91, 0xd0, 0x1b, 0x36, 0x40, 0x04, 0x0a, 0x08, 0x80, 0x04,
	0x00, 0x06, 0x00, 0x80, 0x4b, 0x76, 0x01, 0x04, 0x0a, 0x08, 0x40, 0x80, 0x1f, 0x88, 0x83, 0x04,
	0x0a, 0x0a, 0x40, 0x80, 0x3e, 0x20, 0x20, 0x30, 0x26, 0x08, 0x40, 0x42, 0x00, 0x01, 0x0d, 0x92,
	0x90, 0xe3, 0x00, 0x13, 0x08, 0x60, 0x84, 0x81, 0x1c, 0x14, 0x02, 0x00, 0x00, 0x80, 0x00, 0x80,
	0x78, 0xf3, 0x82, 0x69, 0x2f, 0x00, 0xb2, 0xa5, 0x3e, 0x30, 0x00, 0x34, 0x07, 0x08, 0x40, 0x42,
	0x00, 0x01, 0x0d, 0x92, 0xf0, 0x42, 0x14, 0x58, 0x00, 0x28, 0x90, 0x01, 0x98, 0x0a, 0x4c, 0x84,
	0x4b, 0xa6, 0x10, 0x84, 0x1b, 0xf6, 0x10, 0x84, 0x4b, 0xb6, 0x31, 0x84, 0x1b, 0xe6, 0xa9, 0x84,
	0x1c, 0x0c, 0xfe, 0x7f, 0xff, 0x1b, 0x00, 0x80, 0x4a, 0xe8, 0x07, 0x40, 0x28, 0x18, 0x43, 0x80,
	0x1a, 0x10, 0x80, 0xad, 0x8d, 0x0e, 0x00, 0xc4, 0x9d, 0x0e, 0xc0, 0xc4, 0xca, 0x89, 0x13, 0x40,
	0x10, 0x20, 0x42, 0x02, 0x38, 0x00, 0x40, 0x80, 0x9d, 0x0e, 0x00, 0x44, 0x09, 0x08, 0x40, 0x80,
	0x8d, 0x0e, 0xc1, 0x44, 0x09, 0x0a, 0x40, 0x80, 0xca, 0x8a, 0x07, 0x60, 0x10, 0x00, 0x42, 0x02,
	0x38, 0x00, 0x40, 0x80, 0xdc, 0x01, 0x01, 0x80, 0x9c, 0x02, 0x00, 0x00, 0x00, 0x00, 0x04, 0x80,
	0x6a, 0x6a, 0x12, 0x80, 0x1c, 0x03, 0x00, 0x80, 0x00, 0x00, 0x00, 0x00, 0x00, 0x00, 0x00, 0x00,
	0x00, 0x00, 0x00, 0x00, 0x00, 0x00, 0x00, 0x00, 0x00, 0x00, 0x00, 0x00, 0x00, 0x00, 0x00, 0x00,
	0xe0, 0xe1, 0x01, 0x43, 0x3a, 0xa1, 0x91, 0xd0, 0x1b, 0x36, 0x40, 0x04, 0x0a, 0x08, 0x80, 0x04,
	0x00, 0x06, 0x00, 0x80, 0x4b, 0x76, 0x01, 0x04, 0x0a, 0x08, 0x40, 0x80, 0x1f, 0x88, 0x83, 0x04,
	0x0a, 0x0a, 0x40, 0x80, 0x3e, 0x20, 0x20, 0x34, 0x27, 0x08, 0x40, 0x42, 0x00, 0x01, 0x0d, 0x92,
	0x90, 0xe3, 0x00, 0x13, 0x08, 0x60, 0x84, 0x81, 0x1c, 0x34, 0x02, 0x00, 0x00, 0x80, 0x00, 0x80,
	0x78, 0xf3, 0x82, 0x69, 0x2f, 0x00, 0xb2, 0xa5, 0x3e, 0x30, 0x00, 0x30, 0x06, 0x08, 0x40, 0x42,
	0x00, 0x01, 0x0d, 0x92, 0xf0, 0x42, 0x14, 0x58, 0x00, 0x28, 0x90, 0x01, 0x98, 0x0a, 0x4c, 0x84,
	0x1b, 0xe6, 0x02, 0x07, 0x08, 0x18, 0x60, 0x80, 0x4b, 0xa6, 0x23, 0x07, 0x08, 0x18, 0x60, 0x80,
	0x1b, 0xf6, 0x23, 0x07, 0x08, 0x18, 0x60, 0x80, 0x4b, 0xb6, 0x82, 0x0c, 0x0a, 0x18, 0x60, 0x80,
	0x1c, 0xac, 0xfc, 0x7f, 0xff, 0x1b, 0x00, 0x80, 0xca, 0x88, 0x27, 0x40, 0x10, 0x00, 0x42, 0x02,
	0x38, 0x00, 0x40, 0x80, 0xca, 0x83, 0x67, 0x40, 0x10, 0x00, 0x42, 0x02, 0x38, 0x00, 0x40, 0x80,
	0xdc, 0x01, 0x01, 0x80, 0x9c, 0x02, 0x00, 0x00, 0x00, 0x00, 0x10, 0x80, 0xea, 0x62, 0x52, 0x80,
	0x1c, 0x03, 0x00, 0x80, 0x00, 0x00, 0x00, 0x00, 0x00, 0x00, 0x00, 0x00, 0x00, 0x00, 0x00, 0x00,
	0xe0, 0xe1, 0x01, 0x43, 0x3a, 0xa1, 0x91, 0xd0, 0x1b, 0x36, 0x40, 0x04, 0x0a, 0x08, 0x80, 0x04,
	0x00, 0x06, 0x00, 0x80, 0x4b, 0x76, 0x01, 0x04, 0x0a, 0x08, 0x40, 0x80, 0x1f, 0x88, 0x83, 0x04,
	0x0a, 0x0a, 0x40, 0x80, 0x3e, 0x20, 0x20, 0x34, 0x27, 0x08, 0x40, 0x42, 0x00, 0x01, 0x0d, 0x92,
	0x90, 0xe3, 0x00, 0x13, 0x08, 0x60, 0x84, 0x81, 0x1c, 0x34, 0x02, 0x00, 0x00, 0x80, 0x00, 0x80,
	0x78, 0xf3, 0x82, 0x69, 0x2f, 0x00, 0xb2, 0xa5, 0x3e, 0x30, 0x00, 0x30, 0x06, 0x08, 0x40, 0x42,
	0x00, 0x01, 0x0d, 0x92, 0xf0, 0x42, 0x14, 0x58, 0x00, 0x28, 0x90, 0x01, 0x98, 0x0a, 0x4c, 0x84,
	0x1b, 0xe6, 0x02, 0x07, 0x08, 0x18, 0x61, 0x80, 0x4b, 0xa6, 0x23, 0x07, 0x08, 0x18, 0x61, 0x80,
	0x1b, 0xf6, 0x23, 0x07, 0x08, 0x18, 0x61, 0x80, 0x4b, 0xb6, 0x82, 0x0c, 0x0a, 0x18, 0x61, 0x80,
	0x1c, 0xac, 0xfc, 0x7f, 0xff, 0x1b, 0x00, 0x80, 0xca, 0x88, 0x27, 0x40, 0x10, 0x00, 0x42, 0x02,
	0x38, 0x00, 0x40, 0x80, 0xca, 0x83, 0x67, 0x40, 0x10, 0x00, 0x42, 0x02, 0x38, 0x00, 0x40, 0x80,
	0xdc, 0x01, 0x01, 0x80, 0x9c, 0x02, 0x00, 0x00, 0x00, 0x00, 0x10, 0x80, 0xea, 0x62, 0x52, 0x80,
	0x1c, 0x03, 0x00, 0x80, 0x00, 0x00, 0x00, 0x00, 0x00, 0x00, 0x00, 0x00, 0x00, 0x00, 0x00, 0x00,
	0xa0, 0x61, 0x02, 0x43, 0x7a, 0xa1, 0x91, 0xd0, 0x09, 0x46, 0x00, 0x04, 0x00, 0x08, 0xc0, 0x80,
	0x19, 0x56, 0xe0, 0x04, 0x00, 0x0a, 0x40, 0x80, 0x78, 0xf2, 0x82, 0x69, 0x2d, 0x00, 0x92, 0x25,
	0x42, 0x82, 0x00, 0x9a, 0xbe, 0x31, 0x20, 0x30, 0x20, 0x0c, 0x40, 0x42, 0x00, 0x01, 0x0d, 0x92,
	0xca, 0x81, 0x03, 0x40, 0x10, 0x00, 0x42, 0x02, 0x38, 0x00, 0x40, 0x80, 0xca, 0x8b, 0x43, 0x40,
	0x10, 0x00, 0x42, 0x02, 0x38, 0x00, 0x40, 0x80, 0xdc, 0x01, 0x01, 0x80, 0x9c, 0x02, 0x00, 0x00,
	0x00, 0x00, 0x20, 0x80, 0xaa, 0x72, 0x12, 0x80, 0x1c, 0x03, 0x00, 0x80, 0x00, 0x00, 0x00, 0x00,
	0xe0, 0xe1, 0x01, 0x43, 0x3a, 0xa1, 0x91, 0xd0, 0x4b, 0x26, 0x00, 0x04, 0x08, 0x08, 0xc0, 0x80,
	0x1b, 0x76, 0x00, 0x84, 0x0b, 0xc8, 0xa3, 0x04, 0x00, 0x0a, 0x40, 0x80, 0x3e, 0x20, 0xa0, 0x33,
	0x08, 0x00, 0x80, 0x42, 0x00, 0x01, 0x0d, 0x82, 0xdc, 0x01, 0x01, 0x80, 0x9c, 0x02, 0x00, 0x00,
	0x00, 0x00, 0x04, 0x80, 0x6a, 0x6a, 0x12, 0x80, 0x1c, 0x03, 0x00, 0x80, 0x00, 0x00, 0x00, 0x00,
	0xe0, 0xe1, 0x01, 0x43, 0x3a, 0xa1, 0x91, 0xd0, 0x09, 0x46, 0x00, 0x04, 0x00, 0x08, 0xc0, 0x80,
	0x19, 0x56, 0xe0, 0x04, 0x00, 0x0a, 0x40, 0x80, 0xbe, 0x21, 0xb8, 0x33, 0x00, 0x00, 0x40, 0x42,
	0x00, 0x01, 0x0d, 0x82, 0x78, 0x12, 0x13, 0x20, 0x84, 0x18, 0x96, 0xa5, 0x78, 0x32, 0x11, 0x20,
	0x84, 0x1c, 0x96, 0x25, 0x78, 0x82, 0x00, 0x9a, 0x78, 0x33, 0x93, 0x00, 0x84, 0x18, 0x96, 0x25,
	0xc0, 0x82, 0x00, 0x9a, 0x1c, 0xe4, 0x05, 0x00, 0x00, 0x84, 0x00, 0x80, 0x0d, 0x8e, 0xa8, 0x2d,
	0x28, 0x48, 0x48, 0x80, 0x9a, 0x44, 0x2b, 0x02, 0x08, 0x02, 0x00, 0x80, 0x0d, 0x8e, 0xe8, 0x2d,
	0x28, 0x4a, 0x08, 0x00, 0x08, 0x06, 0x00, 0x80, 0x9a, 0x91, 0x0b, 0x03, 0x08, 0x02, 0x00, 0x80,
	0x0d, 0x8e, 0xa8, 0x2d, 0x29, 0x48, 0x08, 0x00, 0x00, 0x06, 0x00, 0x80, 0x1a, 0x54, 0x1a, 0x02,
	0x08, 0x02, 0x00, 0x80, 0x6b, 0xbf, 0x08, 0x24, 0x08, 0xe8, 0x43, 0x80, 0xcd, 0x8e, 0x09, 0x25,
	0x08, 0x48, 0x40, 0x80, 0xfd, 0x8f, 0x4c, 0x24, 0x0c, 0x48, 0x40, 0x80, 0xed, 0x8f, 0x0c, 0x24,
	0x0c, 0x48, 0x40, 0x80, 0x8d, 0x9e, 0xd0, 0x24, 0x48, 0x4a, 0x40, 0x80, 0x1a, 0xc0, 0x02, 0x10,
	0x01, 0x02, 0x00, 0x80, 0x8d, 0x9e, 0xd0, 0x25, 0x49, 0x48, 0x40, 0x80, 0x9a, 0x14, 0x0b, 0x01,
	0x01, 0x02, 0x00, 0x80, 0x8d, 0x9e, 0x90, 0x25, 0x08, 0x4b, 0x40, 0x80, 0x1a, 0xc0, 0x0b, 0x00,
	0x01, 0x02, 0x00, 0x80, 0x8b, 0xb6, 0x10, 0x04, 0x08, 0x08, 0x40, 0xc0, 0x6b, 0xff, 0x08, 0x24,
	0x08, 0xe8, 0x43, 0x80, 0xdb, 0xe6, 0x00, 0x46, 0x08, 0x08, 0x40, 0xc0, 0x6b, 0xbf, 0x28, 0x24,
	0x08, 0xe8, 0x43, 0x00, 0x02, 0x04, 0x00, 0x80, 0x8b, 0xa6, 0x81, 0x46, 0x08, 0x08, 0x40, 0xc0,
	0x9c, 0x06, 0x00, 0x80, 0x30, 0x23, 0x10, 0x11, 0x08, 0x60, 0x84, 0x81, 0x1c, 0x24, 0x06, 0x00,
	0x00, 0x84, 0x00, 0x80, 0x29, 0x57, 0x34, 0x06, 0x00, 0x08, 0x40, 0x80, 0xcd, 0x8e, 0x80, 0x25,
	0x0c, 0x48, 0x40, 0x80, 0x9a, 0x45, 0x0b, 0x00, 0x01, 0x02, 0x00, 0x80, 0x29, 0x57, 0x74, 0x06,
	0x00, 0x08, 0x40, 0x00, 0x02, 0x04, 0x00, 0x80, 0xcd, 0x8e, 0x80, 0x25, 0x0c, 0x4a, 0x40, 0x80,
	0x1a, 0x91, 0x0b, 0x00, 0x01, 0x02, 0x00, 0x80, 0x29, 0x57, 0x34, 0x06, 0x01, 0x08, 0x40, 0x00,
	0x10, 0x04, 0x00, 0x80, 0xcd, 0x8e, 0x80, 0x25, 0x0c, 0x48, 0x40, 0x80, 0x9a, 0x54, 0x0b, 0x00,
	0x01, 0x02, 0x00, 0x80, 0x2b, 0xbf, 0x08, 0x14, 0x08, 0xa8, 0x03, 0x00, 0x08, 0x14, 0x00, 0x80,
	0xed, 0x87, 0x44, 0x44, 0x0c, 0x08, 0x40, 0x80, 0x8d, 0x16, 0x08, 0x04, 0x0c, 0x08, 0x00, 0x00,
	0x08, 0x04, 0x00, 0x80, 0xed, 0x87, 0x44, 0x04, 0x08, 0x08, 0x40, 0x00, 0x20, 0x04, 0x00, 0x80,
	0xcd, 0x86, 0x00, 0x45, 0x0c, 0x08, 0x40, 0x80, 0xad, 0x97, 0x04, 0x04, 0x09, 0x08, 0x40, 0x80,
	0xfd, 0x87, 0x04, 0x44, 0x0c, 0x08, 0x40, 0x80, 0x6b, 0x77, 0x2c, 0x86, 0x8b, 0xa6, 0x00, 0x04,
	0x18, 0x08, 0x40, 0xc0, 0x2b, 0xff, 0x08, 0x14, 0x08, 0xa8, 0x43, 0x80, 0x6b, 0x37, 0x2c, 0x86,
	0x9b, 0xa6, 0x10, 0x04, 0x18, 0x08, 0x40, 0xc0, 0x2b, 0xbf, 0x28, 0x14, 0x08, 0xa8, 0x43, 0x80,
	0x6b, 0x77, 0x0c, 0x86, 0xcb, 0xa6, 0x81, 0x44, 0x18, 0x0a, 0x40, 0xc0, 0x9c, 0x0a, 0x00, 0x80,
	0x70, 0x23, 0x10, 0x11, 0x08, 0x60, 0x84, 0x81, 0x1c, 0xa4, 0x01, 0x10, 0x00, 0x84, 0x00, 0x80,
	0x1a, 0x40, 0x02, 0x02, 0x08, 0x02, 0x00, 0x80, 0x9a, 0x12, 0x02, 0x02, 0x08, 0x02, 0x00, 0x80,
	0x1a, 0x71, 0x22, 0x02, 0x08, 0x02, 0x00, 0x80, 0x8d, 0x06, 0x98, 0x04, 0x08, 0x08, 0x00, 0x80,
	0x1a, 0x14, 0x03, 0x01, 0x01, 0x02, 0x00, 0x80, 0x8d, 0x86, 0xc0, 0x44, 0x08, 0x0a, 0x40, 0x80,
	0x9a, 0xd0, 0x03, 0x10, 0x01, 0x02, 0x00, 0x80, 0x8d, 0x86, 0x80, 0x44, 0x09, 0x08, 0x40, 0x80,
	0x1a, 0x45, 0x23, 0x00, 0x01, 0x02, 0x00, 0x80, 0x09, 0x46, 0x88, 0x0c, 0x40, 0x8a, 0x00, 0x00,
	0x08, 0x04, 0x00, 0x80, 0x1a, 0x90, 0x00, 0x80, 0x6b, 0x27, 0x1c, 0x06, 0x08, 0x88, 0x43, 0x80,
	0xab, 0xaf, 0x04, 0x04, 0x18, 0x08, 0x40, 0xc0, 0x59, 0xc6, 0xc0, 0x4c, 0x40, 0x88, 0x40, 0x80,
	0x9a, 0x56, 0x00, 0x81, 0x8d, 0x86, 0x80, 0x04, 0x0c, 0x0a, 0x40, 0x80, 0x1a, 0xc1, 0x22, 0x02,
	0x08, 0x02, 0x00, 0x80, 0x49, 0xc6, 0x80, 0x4c, 0x41, 0x88, 0x00, 0x00, 0x08, 0x06, 0x00, 0x80,
	0x1a, 0x54, 0x00, 0x80, 0x6b, 0x67, 0x1c, 0x06, 0x08, 0x88, 0x43, 0x80, 0xab, 0xaf, 0x04, 0x04,
	0x18, 0x08, 0x40, 0xc0, 0xdd, 0x86, 0x80, 0x04, 0x0c, 0x0a, 0x40, 0x80, 0x1a, 0x92, 0x03, 0x02,
	0x08, 0x02, 0x00, 0x80, 0x6b, 0x67, 0x1c, 0x04, 0x18, 0x88, 0x43, 0x80, 0xab, 0xaf, 0x04, 0x04,
	0x18, 0x08, 0x40, 0x40, 0x20, 0x04, 0x00, 0x80, 0x8d, 0x86, 0x80, 0x04, 0x0c, 0x08, 0x40, 0x80,
	0x9a, 0x44, 0x22, 0x02, 0x08, 0x02, 0x00, 0x80, 0x8d, 0x16, 0x98, 0x04, 0x09, 0x0a, 0x00, 0x00,
	0x08, 0x04, 0x00, 0x80, 0x1a, 0x91, 0x02, 0x01, 0x01, 0x02, 0x00, 0x80, 0xcd, 0x86, 0x80, 0x44,
	0x48, 0x08, 0x40, 0x80, 0x1a, 0x54, 0x03, 0x00, 0x01, 0x02, 0x00, 0x80, 0xdd, 0x86, 0x40, 0x44,
	0x08, 0x08, 0x40, 0x00, 0x20, 0x04, 0x00, 0x80, 0xcd, 0x16, 0x98, 0x04, 0x09, 0x0a, 0x00, 0x00,
	0x08, 0x04, 0x00, 0x80, 0x1a, 0xc3, 0x22, 0x00, 0x01, 0x02, 0x00, 0x80, 0xdd, 0x86, 0x00, 0x44,
	0x48, 0x08, 0x40, 0x80, 0xcd, 0x86, 0x81, 0x44, 0x09, 0x08, 0x40, 0x80, 0x9c, 0x06, 0x00, 0x80,
	0x03, 0x8e, 0x02, 0x84, 0x03, 0xce, 0x02, 0x04, 0x08, 0x08, 0x40, 0x00, 0x00, 0x05, 0x00, 0x80,
	0x13, 0x8e, 0x22, 0x84, 0x13, 0xce, 0xa2, 0x04, 0x08, 0x08, 0x40, 0x00, 0x00, 0x05, 0x00, 0x80,
	0xdc, 0x01, 0x01, 0x80, 0xaa, 0x76, 0x12, 0x80, 0x1c, 0x03, 0x00, 0x80, 0x00, 0x00, 0x00, 0x00,
	0x00, 0x00, 0x00, 0x00, 0x00, 0x00, 0x00, 0x00, 0x00, 0x00, 0x00, 0x00, 0x00, 0x00, 0x00, 0x00,
	0xe0, 0xe1, 0x01, 0x43, 0x3a, 0xa1, 0x91, 0xd0, 0x1b, 0x36, 0x40, 0x04, 0x0a, 0x08, 0x80, 0x04,
	0x00, 0x06, 0x00, 0x80, 0x4b, 0x76, 0x01, 0x04, 0x0a, 0x08, 0x40, 0x80, 0x1f, 0x88, 0x83, 0x04,
	0x0a, 0x0a, 0x40, 0x80, 0x3e, 0x20, 0x20, 0x30, 0x26, 0x08, 0x40, 0x42, 0x00, 0x01, 0x0d, 0x92,
	0x90, 0xe3, 0x00, 0x13, 0x08, 0x60, 0x84, 0x81, 0x1c, 0x14, 0x02, 0x00, 0x00, 0x80, 0x00, 0x80,
	0x78, 0xf3, 0x82, 0x69, 0x2f, 0x00, 0xb2, 0xa5, 0x3e, 0x30, 0x00, 0x34, 0x07, 0x08, 0x40, 0x42,
	0x00, 0x01, 0x0d, 0x92, 0xf0, 0x42, 0x14, 0x58, 0x00, 0x28, 0x90, 0x01, 0x98, 0x0a, 0x4c, 0x84,
	0x4b, 0xa6, 0x10, 0x84, 0x1b, 0xf6, 0x10, 0x84, 0x4b, 0xb6, 0x31, 0x84, 0x1b, 0xe6, 0xa9, 0x84,
	0x1c, 0x0c, 0xfe, 0x7f, 0xff, 0x1b, 0x00, 0x80, 0x4a, 0xe8, 0x07, 0x40, 0x28, 0x18, 0x43, 0x80,
	0x1a, 0x10, 0x80, 0xad, 0x85, 0x0e, 0x00, 0xc4, 0x85, 0x0e, 0x40, 0x44, 0x08, 0x08, 0x40, 0x00,
	0x00, 0x05, 0x00, 0x80, 0x95, 0x0e, 0x00, 0x44, 0x09, 0x08, 0x40, 0x80, 0x95, 0x0e, 0xc0, 0x44,
	0x09, 0x08, 0x40, 0x00, 0x00, 0x05, 0x00, 0x80, 0xdc, 0x01, 0x01, 0x80, 0xea, 0x66, 0x52, 0x80,
	0x1c, 0x03, 0x00, 0x80, 0x00, 0x00, 0x00, 0x00, 0x00, 0x00, 0x00, 0x00, 0x00, 0x00, 0x00, 0x00,
	0xe0, 0xe1, 0x01, 0x43, 0x3a, 0xa1, 0x91, 0xd0, 0x1b, 0x36, 0x40, 0x04, 0x0a, 0x08, 0x80, 0x04,
	0x00, 0x06, 0x00, 0x80, 0x4b, 0x76, 0x01, 0x04, 0x0a, 0x08, 0x40, 0x80, 0x1f, 0x88, 0x83, 0x04,
	0x0a, 0x0a, 0x40, 0x80, 0x3e, 0x20, 0x20, 0x30, 0x26, 0x08, 0x40, 0x42, 0x00, 0x01, 0x0d, 0x92,
	0x90, 0xe3, 0x00, 0x13, 0x08, 0x60, 0x84, 0x81, 0x1c, 0x34, 0x02, 0x00, 0x00, 0x80, 0x00, 0x80,
	0x78, 0xf3, 0x82, 0x69, 0x2f, 0x00, 0xb2, 0xa5, 0x3e, 0x30, 0x00, 0x34, 0x07, 0x08, 0x40, 0x42,
	0x00, 0x01, 0x0d, 0x92, 0xf0, 0x42, 0x14, 0x58, 0x00, 0x28, 0x90, 0x01, 0x98, 0x0a, 0x4c, 0x84,
	0x4b, 0xa6, 0x12, 0x04, 0x08, 0x18, 0x60, 0x80, 0x1b, 0xf6, 0x12, 0x04, 0x08, 0x18, 0x60, 0x80,
	0x4b, 0xb6, 0x33, 0x04, 0x08, 0x18, 0x60, 0x80, 0x1b, 0xe6, 0xab, 0x04, 0x08, 0x18, 0x60, 0x80,
	0x1c, 0xac, 0xfc, 0x7f, 0xff, 0x1b, 0x00, 0x80, 0x03, 0x8e, 0x02, 0x84, 0x03, 0xce, 0x02, 0x04,
	0x08, 0x08, 0x40, 0x00, 0x00, 0x05, 0x00, 0x80, 0x13, 0x8e, 0x22, 0x84, 0x13, 0xce, 0xa2, 0x04,
	0x08, 0x08, 0x40, 0x00, 0x00, 0x05, 0x00, 0x80, 0xdc, 0x01, 0x01, 0x80, 0xaa, 0x76, 0x12, 0x80,
	0x1c, 0x03, 0x00, 0x80, 0x00, 0x00, 0x00, 0x00, 0x00, 0x00, 0x00, 0x00, 0x00, 0x00, 0x00, 0x00,
	0xe0, 0xe1, 0x01, 0x43, 0x3a, 0xa1, 0x91, 0xd0, 0x1b, 0x36, 0x40, 0x04, 0x0a, 0x08, 0x80, 0x04,
	0x00, 0x06, 0x00, 0x80, 0x4b, 0x76, 0x01, 0x04, 0x0a, 0x08, 0x40, 0x80, 0x1f, 0x88, 0x83, 0x04,
	0x0a, 0x0a, 0x40, 0x80, 0x3e, 0x20, 0x20, 0x30, 0x26, 0x08, 0x40, 0x42, 0x00, 0x01, 0x0d, 0x92,
	0x90, 0xe3, 0x00, 0x13, 0x08, 0x60, 0x84, 0x81, 0x1c, 0x34, 0x02, 0x00, 0x00, 0x80, 0x00, 0x80,
	0x78, 0xf3, 0x82, 0x69, 0x2f, 0x00, 0xb2, 0xa5, 0x3e, 0x30, 0x00, 0x34, 0x07, 0x08, 0x40, 0x42,
	0x00, 0x01, 0x0d, 0x92, 0xf0, 0x42, 0x14, 0x58, 0x00, 0x28, 0x90, 0x01, 0x98, 0x0a, 0x4c, 0x84,
	0x4b, 0xa6, 0x12, 0x04, 0x08, 0x18, 0x61, 0x80, 0x1b, 0xf6, 0x12, 0x04, 0x08, 0x18, 0x61, 0x80,
	0x4b, 0xb6, 0x33, 0x04, 0x08, 0x18, 0x61, 0x80, 0x1b, 0xe6, 0xab, 0x04, 0x08, 0x18, 0x61, 0x80,
	0x1c, 0xac, 0xfc, 0x7f, 0xff, 0x1b, 0x00, 0x80, 0x03, 0x8e, 0x02, 0x84, 0x03, 0xce, 0x02, 0x04,
	0x08, 0x08, 0x40, 0x00, 0x00, 0x05, 0x00, 0x80, 0x13, 0x8e, 0x22, 0x84, 0x13, 0xce, 0xa2, 0x04,
	0x08, 0x08, 0x40, 0x00, 0x00, 0x05, 0x00, 0x80, 0xdc, 0x01, 0x01, 0x80, 0xaa, 0x76, 0x12, 0x80,
	0x1c, 0x03, 0x00, 0x80, 0x00, 0x00, 0x00, 0x00, 0x00, 0x00, 0x00, 0x00, 0x00, 0x00, 0x00, 0x00,
	0xa0, 0x61, 0x02, 0x43, 0x7a, 0xa1, 0x91, 0xd0, 0x09, 0x46, 0x00, 0x04, 0x00, 0x08, 0xc0, 0x80,
	0x19, 0x56, 0xe0, 0x04, 0x00, 0x0a, 0x40, 0x80, 0x78, 0xf2, 0x82, 0x69, 0x2d, 0x00, 0x92, 0x25,
	0x42, 0x82, 0x00, 0x9a, 0xbe, 0x31, 0x20, 0x30, 0x08, 0x0c, 0x40, 0x42, 0x00, 0x01, 0x0d, 0x92,
	0xdc, 0x01, 0x01, 0x80, 0x9c, 0x02, 0x00, 0x00, 0x00, 0x00, 0x04, 0x80, 0x6a, 0x6a, 0x12, 0x80,
	0x1c, 0x03, 0x00, 0x80, 0x00, 0x00, 0x00, 0x00, 0x00, 0x00, 0x00, 0x00, 0x00, 0x00, 0x00, 0x00,
	0x00, 0x00, 0x00, 0x00, 0x00, 0x00, 0x00, 0x00, 0x00, 0x00, 0x00, 0x00, 0x00, 0x00, 0x00, 0x00,
	0xe0, 0xe1, 0x01, 0x43, 0x3a, 0xa1, 0xb1, 0xd0, 0x0b, 0x36, 0x00, 0x06, 0x08, 0x08, 0xc0, 0x80,
	0x5b, 0x76, 0x80, 0x06, 0x08, 0x0a, 0x40, 0x80, 0x3e, 0x20, 0xa2, 0x33, 0x00, 0x00, 0x40, 0x42,
	0x00, 0x01, 0x8d, 0x83, 0x3e, 0xa0, 0x84, 0x27, 0x01, 0x00, 0x40, 0x42, 0x00, 0x01, 0x0d, 0x82,
	0x70, 0x23, 0x10, 0x00, 0x08, 0x60, 0x84, 0x01, 0x98, 0x0a, 0x8c, 0x84, 0xab, 0xe7, 0x04, 0x06,
	0x08, 0x08, 0xc0, 0xc0, 0x3b, 0xa7, 0x04, 0x46, 0x00, 0x08, 0x50, 0x80, 0xeb, 0xa7, 0x24, 0x06,
	0x08, 0x08, 0x40, 0xc0, 0x2b, 0xe7, 0x04, 0x46, 0x00, 0x08, 0x50, 0x80, 0xfd, 0x87, 0x44, 0x44,
	0x0c, 0x08, 0x40, 0x80, 0x29, 0xc7, 0x04, 0x44, 0x1c, 0x08, 0x40, 0x80, 0xbb, 0xf7, 0x24, 0x06,
	0x08, 0x08, 0x40, 0xc0, 0x7b, 0xa7, 0x24, 0x46, 0x00, 0x08, 0x50, 0x80, 0x69, 0x87, 0x44, 0x44,
	0x1c, 0x08, 0x40, 0x80, 0xfb, 0xb7, 0x84, 0x0c, 0x08, 0x0a, 0x40, 0xc0, 0x7b, 0xe7, 0x24, 0x46,
	0x00, 0x08, 0x50, 0x80, 0x30, 0x23, 0x10, 0x00, 0x98, 0x60, 0x84, 0x81, 0x69, 0x87, 0x44, 0x44,
	0x1c, 0x08, 0xc0, 0x08, 0x00, 0x00, 0x00, 0x80, 0xab, 0xc7, 0x02, 0x4c, 0x00, 0x38, 0x43, 0x80,
	0x83, 0xe6, 0x00, 0x06, 0x08, 0x08, 0x40, 0xc0, 0xc3, 0xa6, 0x20, 0x06, 0x08, 0x08, 0x40, 0x40,
	0x00, 0x05, 0x00, 0x80, 0x93, 0xf6, 0x20, 0x06, 0x08, 0x08, 0x40, 0xc0, 0xd3, 0xb6, 0x80, 0x0c,
	0x08, 0x0a, 0x40, 0x40, 0x00, 0x05, 0x00, 0x80, 0xdc, 0x01, 0x01, 0x80, 0xea, 0x62, 0x53, 0x80,
	0x1c, 0x03, 0x00, 0x80, 0x00, 0x00, 0x00, 0x00, 0x00, 0x00, 0x00, 0x00, 0x00, 0x00, 0x00, 0x00,
	0x00, 0x00, 0x00, 0x00, 0x00, 0x00, 0x00, 0x00, 0x00, 0x00, 0x00, 0x00, 0x00, 0x00, 0x00, 0x00,
	0xe0, 0xe1, 0x01, 0x43, 0x3a, 0xa1, 0x91, 0xd0, 0x4b, 0x26, 0x00, 0x04, 0x08, 0x08, 0xc0, 0x80,
	0x1b, 0x76, 0x00, 0x84, 0x0b, 0xc8, 0xa3, 0x04, 0x00, 0x0a, 0x40, 0x80, 0x3e, 0x00, 0xa0, 0x13,
	0x00, 0x00, 0x80, 0x42, 0x00, 0x01, 0x0d, 0x82, 0xdc, 0x01, 0x01, 0x80, 0x9c, 0x02, 0x00, 0x00,
	0x00, 0x00, 0x04, 0x80, 0x6a, 0x6a, 0x00, 0x80, 0x1c, 0x03, 0x00, 0x80, 0x00, 0x00, 0x00, 0x00,
	0xe0, 0xe1, 0x01, 0x43, 0x3a, 0xa1, 0x91, 0xd0, 0x09, 0x46, 0x00, 0x04, 0x00, 0x08, 0xc0, 0x80,
	0x19, 0x56, 0xe0, 0x04, 0x00, 0x0a, 0x40, 0x80, 0xbe, 0x01, 0xa0, 0x13, 0x00, 0x00, 0x40, 0x42,
	0x00, 0x01, 0x0d, 0x82, 0xdc, 0x01, 0x01, 0x80, 0x9c, 0x02, 0x00, 0x00, 0x00, 0x00, 0x04, 0x80,
	0x6a, 0x6a, 0x00, 0x80, 0x1c, 0x03, 0x00, 0x80, 0x00, 0x00, 0x00, 0x00, 0x00, 0x00, 0x00, 0x00,
	0xe0, 0xe1, 0x01, 0x43, 0x3a, 0xa1, 0x91, 0xd0, 0x4b, 0x26, 0x00, 0x04, 0x08, 0x08, 0xc0, 0x80,
	0x1b, 0x76, 0x80, 0x04, 0x08, 0x0a, 0x40, 0x80, 0x78, 0xf2, 0x82, 0x69, 0x2d, 0x00, 0x92, 0x25,
	0x42, 0x82, 0x00, 0x9a, 0x3e, 0x10, 0x20, 0x10, 0x00, 0x05, 0x40, 0x42, 0x00, 0x01, 0x0d, 0x92,
	0xdc, 0x01, 0x01, 0x80, 0x9c, 0x02, 0x00, 0x00, 0x00, 0x00, 0x04, 0x80, 0x6a, 0x6a, 0x00, 0x80,
	0x1c, 0x03, 0x00, 0x80, 0x00, 0x00, 0x00, 0x00, 0x00, 0x00, 0x00, 0x00, 0x00, 0x00, 0x00, 0x00,
	0x00, 0x00, 0x00, 0x00, 0x00, 0x00, 0x00, 0x00, 0x00, 0x00, 0x00, 0x00, 0x00, 0x00, 0x00, 0x00,
	0xe0, 0xe1, 0x01, 0x43, 0x3a, 0xa1, 0x91, 0xd0, 0x0b, 0x36, 0x40, 0x04, 0x08, 0x08, 0x80, 0x04,
	0x00, 0x06, 0x00, 0x80, 0x5b, 0x76, 0x00, 0x84, 0x0f, 0x88, 0x83, 0x04, 0x08, 0x0a, 0x40, 0x80,
	0x3e, 0x00, 0x60, 0x10, 0x21, 0x08, 0x40, 0x42, 0x00, 0x01, 0x0d, 0x92, 0x90, 0xe3, 0x00, 0x13,
	0x08, 0x60, 0x84, 0x81, 0x1c, 0xb4, 0x01, 0x00, 0x00, 0x80, 0x00, 0x80, 0x78, 0xf2, 0x82, 0x69,
	0x2d, 0x00, 0xb2, 0xa5, 0x3e, 0x10, 0x40, 0x10, 0x00, 0x08, 0x40, 0x42, 0x00, 0x01, 0x0d, 0x92,
	0xf0, 0x42, 0x14, 0x58, 0x00, 0x28, 0x90, 0x01, 0x98, 0x0a, 0x4c, 0x84, 0x1b, 0xf6, 0xa1, 0x84,
	0x1c, 0x4c, 0xff, 0x7f, 0xff, 0x1b, 0x00, 0x80, 0x4a, 0xe8, 0x07, 0x40, 0x28, 0x18, 0x43, 0x80,
	0x1a, 0x10, 0x80, 0xad, 0x8d, 0x0e, 0xc0, 0x44, 0x09, 0x08, 0x40, 0x80, 0xdc, 0x01, 0x01, 0x80,
	0xea, 0x66, 0x40, 0x80, 0x1c, 0x03, 0x00, 0x80, 0x00, 0x00, 0x00, 0x00, 0x00, 0x00, 0x00, 0x00,
	0x00, 0x00, 0x00, 0x00, 0x00, 0x00, 0x00, 0x00, 0x00, 0x00, 0x00, 0x00, 0x00, 0x00, 0x00, 0x00,
	0xe0, 0xe1, 0x01, 0x43, 0x3a, 0xa1, 0x91, 0xd0, 0x0b, 0x36, 0x40, 0x04, 0x08, 0x08, 0x80, 0x04,
	0x00, 0x06, 0x00, 0x80, 0x5b, 0x76, 0x00, 0x84, 0x0f, 0x88, 0x83, 0x04, 0x08, 0x0a, 0x40, 0x80,
	0x3e, 0x00, 0x60, 0x10, 0x21, 0x08, 0x40, 0x42, 0x00, 0x01, 0x0d, 0x92, 0x90, 0xe3, 0x00, 0x13,
	0x08, 0x60, 0x84, 0x81, 0x1c, 0xf4, 0x00, 0x00, 0x00, 0x80, 0x00, 0x80, 0x78, 0xf2, 0x82, 0x69,
	0x2d, 0x00, 0xb2, 0xa5, 0x3e, 0x10, 0x40, 0x10, 0x00, 0x08, 0x40, 0x42, 0x00, 0x01, 0x0d, 0x92,
	0xf0, 0x42, 0x14, 0x58, 0x00, 0x28, 0x90, 0x01, 0x98, 0x0a, 0x4c, 0x84, 0x1b, 0xf6, 0xa3, 0x04,
	0x08, 0x18, 0x60, 0x80, 0x1c, 0x4c, 0xfe, 0x7f, 0xff, 0x1b, 0x00, 0x80, 0xdc, 0x01, 0x01, 0x80,
	0xaa, 0xf2, 0x00, 0x81, 0x1c, 0x03, 0x00, 0x80, 0x00, 0x00, 0x00, 0x00, 0x00, 0x00, 0x00, 0x00,
	0xe0, 0xe1, 0x01, 0x43, 0x3a, 0xa1, 0x91, 0xd0, 0x0b, 0x36, 0x40, 0x04, 0x08, 0x08, 0x80, 0x04,
	0x00, 0x06, 0x00, 0x80, 0x5b, 0x76, 0x00, 0x84, 0x0f, 0x88, 0x83, 0x04, 0x08, 0x0a, 0x40, 0x80,
	0x3e, 0x00, 0x60, 0x10, 0x21, 0x08, 0x40, 0x42, 0x00, 0x01, 0x0d, 0x92, 0x90, 0xe3, 0x00, 0x13,
	0x08, 0x60, 0x84, 0x81, 0x1c, 0xf4, 0x00, 0x00, 0x00, 0x80, 0x00, 0x80, 0x78, 0xf2, 0x82, 0x69,
	0x2d, 0x00, 0xb2, 0xa5, 0x3e, 0x10, 0x40, 0x10, 0x00, 0x08, 0x40, 0x42, 0x00, 0x01, 0x0d, 0x92,
	0xf0, 0x42, 0x14, 0x58, 0x00, 0x28, 0x90, 0x01, 0x98, 0x0a, 0x4c, 0x84, 0x1b, 0xf6, 0xa3, 0x04,
	0x08, 0x18, 0x61, 0x80, 0x1c, 0x4c, 0xfe, 0x7f, 0xff, 0x1b, 0x00, 0x80, 0xdc, 0x01, 0x01, 0x80,
	0xaa, 0xf2, 0x00, 0x81, 0x1c, 0x03, 0x00, 0x80, 0x00, 0x00, 0x00, 0x00, 0x00, 0x00, 0x00, 0x00,
	0xa0, 0x61, 0x02, 0x43, 0x7a, 0xa1, 0x91, 0xd0, 0x09, 0x46, 0x00, 0x04, 0x00, 0x08, 0xc0, 0x80,
	0x19, 0x56, 0xe0, 0x04, 0x00, 0x0a, 0x40, 0x80, 0x78, 0xf2, 0x82, 0x69, 0x2d, 0x00, 0x92, 0x25,
	0x42, 0x82, 0x00, 0x9a, 0xbe, 0x11, 0x20, 0x10, 0x00, 0x0c, 0x40, 0x42, 0x00, 0x01, 0x0d, 0x92,
	0xdc, 0x01, 0x01, 0x80, 0x9c, 0x02, 0x00, 0x00, 0x00, 0x00, 0x04, 0x80, 0x6a, 0x6a, 0x00, 0x80,
	0x1c, 0x03, 0x00, 0x80, 0x00, 0x00, 0x00, 0x00, 0x00, 0x00, 0x00, 0x00, 0x00, 0x00, 0x00, 0x00,
	0x00, 0x00, 0x00, 0x00, 0x00, 0x00, 0x00, 0x00, 0x00, 0x00, 0x00, 0x00, 0x00, 0x00, 0x00, 0x00,
	0xe0, 0xe1, 0x01, 0x43, 0x3a, 0xa1, 0x91, 0xd0, 0x4b, 0x26, 0x00, 0x04, 0x08, 0x08, 0xc0, 0x80,
	0x1b, 0x76, 0x00, 0x84, 0x0b, 0xc8, 0xa3, 0x04, 0x00, 0x0a, 0x40, 0x80, 0x3e, 0x20, 0xa0, 0x13,
	0x00, 0x00, 0x80, 0x42, 0x00, 0x01, 0x0d, 0x82, 0xdc, 0x01, 0x01, 0x80, 0x9c, 0x02, 0x00, 0x00,
	0x00, 0x00, 0x04, 0x80, 0x6a, 0x6a, 0x12, 0x80, 0x1c, 0x03, 0x00, 0x80, 0x00, 0x00, 0x00, 0x00,
	0xe0, 0xe1, 0x01, 0x43, 0x3a, 0xa1, 0x91, 0xd0, 0x09, 0x46, 0x00, 0x04, 0x00, 0x08, 0xc0, 0x80,
	0x19, 0x56, 0xe0, 0x04, 0x00, 0x0a, 0x40, 0x80, 0xbe, 0x21, 0xa0, 0x13, 0x00, 0x00, 0x40, 0x42,
	0x00, 0x01, 0x0d, 0x82, 0xdc, 0x01, 0x01, 0x80, 0x9c, 0x02, 0x00, 0x00, 0x00, 0x00, 0x04, 0x80,
	0x6a, 0x6a, 0x12, 0x80, 0x1c, 0x03, 0x00, 0x80, 0x00, 0x00, 0x00, 0x00, 0x00, 0x00, 0x00, 0x00,
	0xe0, 0xe1, 0x01, 0x43, 0x3a, 0xa1, 0x91, 0xd0, 0x0b, 0x36, 0x40, 0x04, 0x08, 0x08, 0x80, 0x04,
	0x00, 0x06, 0x00, 0x80, 0x5b, 0x76, 0x00, 0x84, 0x0f, 0x88, 0x83, 0x04, 0x08, 0x0a, 0x40, 0x80,
	0x3e, 0x20, 0x60, 0x10, 0x21, 0x08, 0x40, 0x42, 0x00, 0x01, 0x0d, 0x92, 0x90, 0xe3, 0x00, 0x13,
	0x08, 0x60, 0x84, 0x81, 0x1c, 0xf4, 0x00, 0x00, 0x00, 0x80, 0x00, 0x80, 0x78, 0xf2, 0x82, 0x69,
	0x2d, 0x00, 0xb2, 0xa5, 0x3e, 0x30, 0x00, 0x14, 0x01, 0x08, 0x40, 0x42, 0x00, 0x01, 0x0d, 0x92,
	0xf0, 0x42, 0x14, 0x58, 0x00, 0x28, 0x90, 0x01, 0x98, 0x0a, 0x4c, 0x84, 0x5b, 0xe6, 0x31, 0x84,
	0x0b, 0xb6, 0x90, 0x87, 0x1c, 0x4c, 0xfe, 0x7f, 0xff, 0x1b, 0x00, 0x80, 0x4a, 0xe8, 0x07, 0x40,
	0x28, 0x18, 0x43, 0x80, 0x1a, 0x10, 0x80, 0xad, 0x8d, 0x0e, 0x40, 0x44, 0x09, 0x08, 0x40, 0x80,
	0x9d, 0x0e, 0x80, 0x44, 0x48, 0x08, 0x40, 0x80, 0xdc, 0x01, 0x01, 0x80, 0xea, 0x66, 0x52, 0x80,
	0x1c, 0x03, 0x00, 0x80, 0x00, 0x00, 0x00, 0x00, 0x00, 0x00, 0x00, 0x00, 0x00, 0x00, 0x00, 0x00,
	0xe0, 0xe1, 0x01, 0x43, 0x3a, 0xa1, 0x91, 0xd0, 0x0b, 0x36, 0x40, 0x04, 0x08, 0x08, 0x80, 0x04,
	0x00, 0x06, 0x00, 0x80, 0x5b, 0x76, 0x00, 0x84, 0x0f, 0x88, 0x83, 0x04, 0x08, 0x0a, 0x40, 0x80,
	0x3e, 0x20, 0x20, 0x14, 0x20, 0x08, 0x40, 0x42, 0x00, 0x01, 0x0d, 0x92, 0x90, 0xe3, 0x00, 0x13,
	0x08, 0x60, 0x84, 0x81, 0x1c, 0x14, 0x02, 0x00, 0x00, 0x80, 0x00, 0x80, 0x78, 0xf2, 0x82, 0x69,
	0x2d, 0x00, 0xb2, 0xa5, 0x3e, 0x30, 0x40, 0x10, 0x00, 0x08, 0x40, 0x42, 0x00, 0x01, 0x0d, 0x92,
	0xf0, 0x42, 0x14, 0x58, 0x00, 0x28, 0x90, 0x01, 0x98, 0x0a, 0x4c, 0x84, 0x0b, 0xb6, 0x02, 0x07,
	0x08, 0x18, 0x60, 0x80, 0x5b, 0xf6, 0x82, 0x07, 0x08, 0x18, 0x60, 0x80, 0x1c, 0x0c, 0xfe, 0x7f,
	0xff, 0x1b, 0x00, 0x80, 0xdc, 0x01, 0x01, 0x80, 0xaa, 0x72, 0x12, 0x82, 0x1c, 0x03, 0x00, 0x80,
	0xe0, 0xe1, 0x01, 0x43, 0x3a, 0xa1, 0x91, 0xd0, 0x0b, 0x36, 0x40, 0x04, 0x08, 0x08, 0x80, 0x04,
	0x00, 0x06, 0x00, 0x80, 0x5b, 0x76, 0x00, 0x84, 0x0f, 0x88, 0x83, 0x04, 0x08, 0x0a, 0x40, 0x80,
	0x3e, 0x20, 0x20, 0x14, 0x20, 0x08, 0x40, 0x42, 0x00, 0x01, 0x0d, 0x92, 0x90, 0xe3, 0x00, 0x13,
	0x08, 0x60, 0x84, 0x81, 0x1c, 0x14, 0x02, 0x00, 0x00, 0x80, 0x00, 0x80, 0x78, 0xf2, 0x82, 0x69,
	0x2d, 0x00, 0xb2, 0xa5, 0x3e, 0x30, 0x40, 0x10, 0x00, 0x08, 0x40, 0x42, 0x00, 0x01, 0x0d, 0x92,
	0xf0, 0x42, 0x14, 0x58, 0x00, 0x28, 0x90, 0x01, 0x98, 0x0a, 0x4c, 0x84, 0x0b, 0xb6, 0x02, 0x07,
	0x08, 0x18, 0x61, 0x80, 0x5b, 0xf6, 0x82, 0x07, 0x08, 0x18, 0x61, 0x80, 0x1c, 0x0c, 0xfe, 0x7f,
	0xff, 0x1b, 0x00, 0x80, 0xdc, 0x01, 0x01, 0x80, 0xaa, 0x72, 0x12, 0x82, 0x1c, 0x03, 0x00, 0x80,
	0xa0, 0x61, 0x02, 0x43, 0x7a, 0xa1, 0x91, 0xd0, 0x09, 0x46, 0x00, 0x04, 0x00, 0x08, 0xc0, 0x80,
	0x19, 0x56, 0xe0, 0x04, 0x00, 0x0a, 0x40, 0x80, 0x78, 0xf2, 0x82, 0x69, 0x2d, 0x00, 0x92, 0x25,
	0x42, 0x82, 0x00, 0x9a, 0xbe, 0x31, 0x20, 0x10, 0x00, 0x0c, 0x40, 0x42, 0x00, 0x01, 0x0d, 0x92,
	0xdc, 0x01, 0x01, 0x80, 0x9c, 0x02, 0x00, 0x00, 0x00, 0x00, 0x04, 0x80, 0x6a, 0x6a, 0x12, 0x80,
	0x1c, 0x03, 0x00, 0x80, 0x00, 0x00, 0x00, 0x00, 0x00, 0x00, 0x00, 0x00, 0x00, 0x00, 0x00, 0x00,
	0x00, 0x00, 0x00, 0x00, 0x00, 0x00, 0x00, 0x00, 0x00, 0x00, 0x00, 0x00, 0x00, 0x00, 0x00, 0x00,
	0xe0, 0xe1, 0x01, 0x43, 0x3a, 0xa1, 0x91, 0xd0, 0x4b, 0x26, 0x00, 0x04, 0x08, 0x08, 0xc0, 0x80,
	0x1b, 0x76, 0x00, 0x84, 0x0b, 0xc8, 0xa3, 0x04, 0x00, 0x0a, 0x40, 0x80, 0x3e, 0x20, 0xa0, 0x33,
	0x00, 0x00, 0x80, 0x42, 0x00, 0x01, 0x0d, 0x82, 0xdc, 0x01, 0x01, 0x80, 0x9c, 0x02, 0x00, 0x00,
	0x00, 0x00, 0x04, 0x80, 0x2a, 0x42, 0x12, 0x80, 0x6a, 0xea, 0x16, 0x80, 0x1c, 0x03, 0x00, 0x80,
	0xe0, 0xe1, 0x01, 0x43, 0x3a, 0xa1, 0x91, 0xd0, 0x09, 0x46, 0x00, 0x04, 0x00, 0x08, 0xc0, 0x80,
	0x19, 0x56, 0xe0, 0x04, 0x00, 0x0a, 0x40, 0x80, 0xbe, 0x21, 0xb8, 0x33, 0x00, 0x00, 0x40, 0x42,
	0x00, 0x01, 0x0d, 0x82, 0x78, 0x32, 0x11, 0x20, 0x84, 0x1c, 0x96, 0x25, 0x78, 0x82, 0x00, 0x9a,
	0x78, 0x12, 0x13, 0x20, 0x84, 0x18, 0x96, 0xa5, 0x78, 0x33, 0x93, 0x00, 0x84, 0x18, 0x96, 0xa5,
	0xdc, 0x01, 0x01, 0x80, 0x9c, 0x02, 0x00, 0x00, 0x00, 0x00, 0x04, 0x80, 0x6a, 0xca, 0x0c, 0x81,
	0x1c, 0xe4, 0x05, 0x00, 0x00, 0x84, 0x00, 0x80, 0x1d, 0x8e, 0xa9, 0x2c, 0x28, 0x48, 0x48, 0x80,
	0x1a, 0x66, 0x23, 0x02, 0x08, 0x02, 0x00, 0x80, 0x1d, 0x8e, 0xe9, 0x2c, 0x28, 0x4a, 0x08, 0x00,
	0x08, 0x06, 0x00, 0x80, 0x1a, 0xb3, 0x03, 0x03, 0x08, 0x02, 0x00, 0x80, 0x1d, 0x8e, 0xa9, 0x2c,
	0x29, 0x48, 0x08, 0x00, 0x00, 0x06, 0x00, 0x80, 0x9a, 0x77, 0x03, 0x02, 0x08, 0x02, 0x00, 0x80,
	0x6b, 0xbf, 0x08, 0x24, 0x08, 0xe8, 0x43, 0x80, 0xdd, 0x8e, 0x08, 0x25, 0x08, 0x48, 0x40, 0x80,
	0xfd, 0x8f, 0x4c, 0x24, 0x0c, 0x48, 0x40, 0x80, 0xed, 0x8f, 0x0c, 0x24, 0x0c, 0x48, 0x40, 0x80,
	0x8d, 0x9e, 0x90, 0x24, 0x48, 0x4a, 0x40, 0x80, 0x1a, 0xc0, 0x02, 0x10, 0x01, 0x02, 0x00, 0x80,
	0x9d, 0x9e, 0x91, 0x24, 0x49, 0x48, 0x40, 0x80, 0x1a, 0x36, 0x03, 0x01, 0x01, 0x02, 0x00, 0x80,
	0x9d, 0x9e, 0xd1, 0x24, 0x49, 0x4a, 0x40, 0x80, 0x9a, 0xe3, 0x02, 0x00, 0x01, 0x02, 0x00, 0x80,
	0xcb, 0xa6, 0x10, 0x04, 0x08, 0x08, 0x40, 0xc0, 0x6b, 0xff, 0x08, 0x24, 0x08, 0xe8, 0x43, 0x80,
	0xdb, 0xa6, 0x00, 0x46, 0x08, 0x08, 0x40, 0xc0, 0x6b, 0xbf, 0x28, 0x24, 0x08, 0xe8, 0x43, 0x00,
	0x02, 0x04, 0x00, 0x80, 0x8b, 0xe6, 0xa1, 0x44, 0x08, 0x08, 0x40, 0xc0, 0x9c, 0x06, 0x00, 0x80,
	0x30, 0x23, 0x10, 0x11, 0x08, 0x60, 0x84, 0x81, 0x1c, 0x24, 0x06, 0x00, 0x00, 0x84, 0x00, 0x80,
	0x29, 0x57, 0x34, 0x06, 0x00, 0x08, 0x40, 0x80, 0xdd, 0x8e, 0x81, 0x24, 0x0c, 0x48, 0x40, 0x80,
	0x1a, 0x67, 0x03, 0x00, 0x01, 0x02, 0x00, 0x80, 0x29, 0x57, 0x74, 0x06, 0x00, 0x08, 0x40, 0x00,
	0x02, 0x04, 0x00, 0x80, 0xdd, 0x8e, 0x81, 0x24, 0x0c, 0x4a, 0x40, 0x80, 0x9a, 0xb2, 0x03, 0x00,
	0x01, 0x02, 0x00, 0x80, 0x29, 0x57, 0x34, 0x06, 0x01, 0x08, 0x40, 0x00, 0x10, 0x04, 0x00, 0x80,
	0xdd, 0x8e, 0x81, 0x24, 0x0c, 0x48, 0x40, 0x80, 0x1a, 0x76, 0x03, 0x00, 0x01, 0x02, 0x00, 0x80,
	0x2b, 0xbf, 0x08, 0x14, 0x08, 0xa8, 0x03, 0x00, 0x08, 0x14, 0x00, 0x80, 0xed, 0x87, 0x44, 0x44,
	0x0c, 0x08, 0x40, 0x80, 0x8d, 0x16, 0x08, 0x04, 0x0c, 0x08, 0x00, 0x00, 0x08, 0x04, 0x00, 0x80,
	0xed, 0x87, 0x44, 0x04, 0x08, 0x08, 0x40, 0x00, 0x20, 0x04, 0x00, 0x80, 0xdd, 0x86, 0x01, 0x44,
	0x0c, 0x08, 0x40, 0x80, 0xad, 0x97, 0x04, 0x04, 0x09, 0x08, 0x40, 0x80, 0xfd, 0x87, 0x04, 0x44,
	0x0c, 0x08, 0x40, 0x80, 0x6b, 0x37, 0x2c, 0x86, 0x8b, 0xa6, 0x00, 0x04, 0x18, 0x08, 0x40, 0xc0,
	0x2b, 0xff, 0x08, 0x14, 0x08, 0xa8, 0x43, 0x80, 0x6b, 0x77, 0x0c, 0x86, 0xdb, 0xb6, 0x00, 0x04,
	0x18, 0x08, 0x40, 0xc0, 0x2b, 0xbf, 0x28, 0x14, 0x08, 0xa8, 0x43, 0x80, 0x6b, 0x37, 0x0c, 0x86,
	0xcb, 0xa6, 0x81, 0x44, 0x18, 0x0a, 0x40, 0xc0, 0x9c, 0x0a, 0x00, 0x80, 0x70, 0x23, 0x10, 0x11,
	0x08, 0x60, 0x84, 0x81, 0x1c, 0xa4, 0x01, 0x10, 0x00, 0x84, 0x00, 0x80, 0x1a, 0x40, 0x02, 0x02,
	0x08, 0x02, 0x00, 0x80, 0x9a, 0x12, 0x02, 0x02, 0x08, 0x02, 0x00, 0x80, 0x1a, 0x71, 0x22, 0x02,
	0x08, 0x02, 0x00, 0x80, 0x8d, 0x06, 0x98, 0x04, 0x08, 0x08, 0x00, 0x80, 0x9a, 0x15, 0x02, 0x01,
	0x01, 0x02, 0x00, 0x80, 0x8d, 0x86, 0xc0, 0x44, 0x08, 0x0a, 0x40, 0x80, 0x1a, 0xd0, 0x03, 0x10,
	0x01, 0x02, 0x00, 0x80, 0x8d, 0x86, 0x80, 0x44, 0x09, 0x08, 0x40, 0x80, 0x9a, 0x44, 0x23, 0x00,
	0x01, 0x02, 0x00, 0x80, 0x09, 0x46, 0xc8, 0x0c, 0x01, 0x8a, 0x00, 0x00, 0x08, 0x04, 0x00, 0x80,
	0x1a, 0x90, 0x00, 0x80, 0x6b, 0x67, 0x3c, 0x04, 0x08, 0x88, 0x43, 0x80, 0xab, 0xaf, 0x04, 0x04,
	0x18, 0x08, 0x40, 0xc0, 0x59, 0xc6, 0x80, 0x4c, 0x40, 0x88, 0x40, 0x80, 0x9a, 0x56, 0x00, 0x81,
	0x8d, 0x86, 0x80, 0x04, 0x0c, 0x0a, 0x40, 0x80, 0x1a, 0xc1, 0x22, 0x02, 0x08, 0x02, 0x00, 0x80,
	0x49, 0xc6, 0xc0, 0x4c, 0x40, 0x88, 0x00, 0x00, 0x08, 0x06, 0x00, 0x80, 0x1a, 0x54, 0x00, 0x80,
	0x6b, 0x27, 0x1c, 0x06, 0x08, 0x88, 0x43, 0x80, 0xab, 0xaf, 0x04, 0x04, 0x18, 0x08, 0x40, 0xc0,
	0xdd, 0x86, 0x80, 0x04, 0x0c, 0x0a, 0x40, 0x80, 0x9a, 0x93, 0x02, 0x02, 0x08, 0x02, 0x00, 0x80,
	0x6b, 0x67, 0x1c, 0x04, 0x18, 0x88, 0x43, 0x80, 0xab, 0xaf, 0x04, 0x04, 0x18, 0x08, 0x40, 0x40,
	0x20, 0x04, 0x00, 0x80, 0x8d, 0x86, 0x80, 0x04, 0x0c, 0x08, 0x40, 0x80, 0x9a, 0x44, 0x22, 0x02,
	0x08, 0x02, 0x00, 0x80, 0x8d, 0x16, 0x98, 0x04, 0x09, 0x0a, 0x00, 0x00, 0x08, 0x04, 0x00, 0x80,
	0x1a, 0x91, 0x02, 0x01, 0x01, 0x02, 0x00, 0x80, 0xcd, 0x86, 0xc0, 0x44, 0x09, 0x08, 0x40, 0x80,
	0x9a, 0x55, 0x02, 0x00, 0x01, 0x02, 0x00, 0x80, 0xdd, 0x86, 0x40, 0x44, 0x08, 0x08, 0x40, 0x00,
	0x20, 0x04, 0x00, 0x80, 0xcd, 0x16, 0x98, 0x04, 0x09, 0x0a, 0x00, 0x00, 0x08, 0x04, 0x00, 0x80,
	0x1a, 0xc3, 0x22, 0x00, 0x01, 0x02, 0x00, 0x80, 0xdd, 0x86, 0x40, 0x44, 0x09, 0x08, 0x40, 0x80,
	0xcd, 0x86, 0x81, 0x44, 0x09, 0x08, 0x40, 0x80, 0x9c, 0x06, 0x00, 0x80, 0x2a, 0x42, 0x12, 0x80,
	0xaa, 0xf2, 0x04, 0x80, 0x1c, 0x03, 0x00, 0x80, 0x00, 0x00, 0x00, 0x00, 0x00, 0x00, 0x00, 0x00,
	0xe0, 0xe1, 0x01, 0x43, 0x3a, 0xa1, 0x91, 0xd0, 0x4b, 0x26, 0x00, 0x05, 0x08, 0x08, 0x80, 0x00,
	0x08, 0x16, 0x00, 0x80, 0x1b, 0x76, 0x00, 0x05, 0x08, 0x08, 0x00, 0x00, 0x00, 0x16, 0x00, 0x80,
	0x0f, 0x88, 0x83, 0x05, 0x08, 0x0a, 0x40, 0x80, 0x3e, 0x20, 0x26, 0x30, 0x00, 0x05, 0x40, 0x42,
	0x00, 0x01, 0x0d, 0x92, 0x1b, 0xc8, 0x03, 0x05, 0x18, 0x08, 0x40, 0x80, 0x0b, 0x88, 0x02, 0x04,
	0x1a, 0x08, 0x40, 0x80, 0x1f, 0xc8, 0xa2, 0x04, 0xaa, 0x08, 0x48, 0x80, 0x3e, 0xb0, 0x05, 0x24,
	0x05, 0x85, 0x40, 0x42, 0x00, 0x01, 0x0d, 0x92, 0x6b, 0xa7, 0x14, 0x84, 0x3b, 0xf7, 0x14, 0x84,
	0x4b, 0xb6, 0x31, 0x84, 0x1b, 0xe6, 0x29, 0x84, 0x8d, 0x9e, 0x08, 0x14, 0x0c, 0x08, 0x40, 0x80,
	0x9d, 0x9e, 0xc8, 0x14, 0x0c, 0x0a, 0x40, 0x80, 0x8d, 0x9e, 0x09, 0x14, 0x09, 0x08, 0x40, 0x80,
	0x9d, 0x9e, 0xc9, 0x14, 0x09, 0x08, 0x40, 0x80, 0xdc, 0x01, 0x01, 0x80, 0x2a, 0x42, 0x13, 0x80,
	0xea, 0xe6, 0x56, 0x80, 0x1c, 0x03, 0x00, 0x80, 0x00, 0x00, 0x00, 0x00, 0x00, 0x00, 0x00, 0x00,
	0xe0, 0xe1, 0x01, 0x43, 0x3a, 0xa1, 0x91, 0xd0, 0x5b, 0x26, 0x00, 0x04, 0x0a, 0x08, 0x80, 0x00,
	0x08, 0x16, 0x00, 0x80, 0x0b, 0x76, 0x01, 0x04, 0x0a, 0x08, 0x00, 0x00, 0x00, 0x16, 0x00, 0x80,
	0x1f, 0x88, 0x83, 0x04, 0x0a, 0x0a, 0x40, 0x80, 0x3e, 0x20, 0x22, 0x30, 0x06, 0x05, 0x40, 0x42,
	0x00, 0x01, 0x0d, 0x92, 0x0b, 0xc8, 0x02, 0x05, 0x18, 0x08, 0x40, 0x80, 0x1b, 0x88, 0x02, 0x05,
	0x18, 0x08, 0x40, 0x80, 0x0f, 0xc8, 0xa3, 0x05, 0xa8, 0x08, 0x48, 0x80, 0x3e, 0xb0, 0x06, 0x24,
	0x01, 0x05, 0x40, 0x42, 0x00, 0x01, 0x0d, 0x92, 0x1b, 0xc8, 0x02, 0x05, 0x1a, 0x08, 0x40, 0x80,
	0x0b, 0x88, 0x03, 0x05, 0x1a, 0x08, 0x40, 0x80, 0x1b, 0x88, 0x83, 0x07, 0x02, 0x0a, 0x40, 0x80,
	0x3e, 0xa0, 0x26, 0x30, 0x17, 0x85, 0x40, 0x42, 0x00, 0x01, 0x0d, 0x92, 0x6b, 0xa7, 0x14, 0x84,
	0x0b, 0xc8, 0x02, 0x0e, 0x08, 0x0c, 0x40, 0x80, 0x1b, 0x88, 0x22, 0x0e, 0x08, 0x0c, 0x40, 0x80,
	0x0b, 0xc8, 0x83, 0x06, 0x00, 0x0c, 0x40, 0x80, 0x3e, 0x30, 0x40, 0x34, 0x10, 0x05, 0x41, 0x42,
	0x00, 0x01, 0x0d, 0x92, 0x3b, 0xf7, 0x14, 0x84, 0x4b, 0xb6, 0x30, 0x84, 0x1b, 0xe6, 0x28, 0x04,
	0x08, 0x08, 0x40, 0x00, 0x02, 0x04, 0x00, 0x80, 0x0b, 0xf6, 0x19, 0x8c, 0x5b, 0xb6, 0x39, 0x8c,
	0x1b, 0xe6, 0x20, 0xad, 0x4b, 0xa6, 0x00, 0xaf, 0x2b, 0xb7, 0x04, 0x04, 0x18, 0x08, 0x40, 0x80,
	0x7b, 0xf7, 0x04, 0x04, 0x18, 0x08, 0x40, 0x80, 0x4b, 0xa6, 0x11, 0x84, 0x1b, 0xe6, 0x11, 0x84,
	0x8d, 0x9e, 0x10, 0x04, 0x0c, 0x48, 0x40, 0x80, 0x9d, 0x9e, 0xd0, 0x04, 0x0c, 0x4a, 0x40, 0x80,
	0x8d, 0x9e, 0x11, 0x04, 0x09, 0x48, 0x40, 0x80, 0x9d, 0x9e, 0xd1, 0x04, 0x09, 0x48, 0x40, 0x80,
	0xdc, 0x01, 0x01, 0x80, 0x2a, 0x42, 0x13, 0x80, 0xea, 0xe6, 0x56, 0x80, 0x1c, 0x03, 0x00, 0x80,
	0x00, 0x00, 0x00, 0x00, 0x00, 0x00, 0x00, 0x00, 0x00, 0x00, 0x00, 0x00, 0x00, 0x00, 0x00, 0x00,
	0xe0, 0xe1, 0x01, 0x43, 0x3a, 0xa1, 0x91, 0xd0, 0x5b, 0x26, 0x00, 0x04, 0x0a, 0x08, 0x80, 0x00,
	0x08, 0x16, 0x00, 0x80, 0x0b, 0x76, 0x01, 0x04, 0x0a, 0x08, 0x00, 0x00, 0x00, 0x16, 0x00, 0x80,
	0x1f, 0x88, 0x83, 0x04, 0x0a, 0x0a, 0x40, 0x80, 0x3e, 0x20, 0x22, 0x30, 0x06, 0x05, 0x40, 0x42,
	0x00, 0x01, 0x0d, 0x92, 0x0b, 0xc8, 0x02, 0x05, 0x18, 0x08, 0x40, 0x80, 0x1b, 0x88, 0x02, 0x05,
	0x18, 0x08, 0x40, 0x80, 0x0f, 0xc8, 0xa3, 0x05, 0xa8, 0x08, 0x48, 0x80, 0x3e, 0xb0, 0x06, 0x24,
	0x01, 0x05, 0x40, 0x42, 0x00, 0x01, 0x0d, 0x92, 0x1b, 0xc8, 0x02, 0x05, 0x1a, 0x08, 0x40, 0x80,
	0x0b, 0x88, 0x03, 0x05, 0x1a, 0x08, 0x40, 0x80, 0x1b, 0x88, 0x83, 0x07, 0x02, 0x0a, 0x40, 0x80,
	0x3e, 0xa0, 0x26, 0x30, 0x17, 0x85, 0x40, 0x42, 0x00, 0x01, 0x0d, 0x92, 0x6b, 0xa7, 0x14, 0x84,
	0x0b, 0xc8, 0x03, 0x0e, 0x08, 0x0c, 0x40, 0x80, 0x1b, 0x88, 0x23, 0x0e, 0x08, 0x0c, 0x40, 0x80,
	0x0b, 0xc8, 0x82, 0x07, 0x00, 0x0c, 0x40, 0x80, 0x3e, 0x30, 0x43, 0x34, 0x10, 0x05, 0x41, 0x42,
	0x00, 0x01, 0x0d, 0x92, 0x1b, 0x88, 0x22, 0x05, 0x28, 0x0c, 0x40, 0x80, 0x0b, 0xc8, 0x23, 0x05,
	0x28, 0x0c, 0x40, 0x80, 0x1b, 0x88, 0x23, 0x07, 0x00, 0x0c, 0x40, 0x80, 0x3b, 0xf7, 0x14, 0x84,
	0x0b, 0xc8, 0x02, 0x07, 0x28, 0x08, 0x40, 0x80, 0x4b, 0xb6, 0x30, 0x04, 0x0a, 0x0c, 0x40, 0x80,
	0x1b, 0x88, 0x22, 0x07, 0x28, 0x08, 0x40, 0x80, 0x1b, 0xe6, 0xa8, 0x04, 0x0a, 0x0e, 0x40, 0x80,
	0x3e, 0xa0, 0x26, 0x30, 0x24, 0x05, 0x41, 0x42, 0x00, 0x01, 0x0d, 0x92, 0x1b, 0xf6, 0x18, 0x0d,
	0x0a, 0x08, 0x40, 0x80, 0x0b, 0xc8, 0x23, 0x07, 0x00, 0x08, 0x40, 0x80, 0x4b, 0xb6, 0x39, 0x0d,
	0x0a, 0x08, 0x40, 0x80, 0x1b, 0x88, 0x02, 0x06, 0x0a, 0x08, 0x40, 0x80, 0x1b, 0xe6, 0x21, 0x2d,
	0x0a, 0x08, 0x40, 0x80, 0x0b, 0xc8, 0x83, 0x06, 0x0a, 0x08, 0x40, 0x80, 0x4b, 0xa6, 0x00, 0x2f,
	0x0a, 0x08, 0x40, 0x80, 0x3e, 0xb0, 0x06, 0x24, 0x01, 0x05, 0x40, 0x42, 0x00, 0x01, 0x0d, 0x92,
	0x6b, 0xa7, 0x1c, 0x04, 0x18, 0x08, 0x40, 0x80, 0x1b, 0x88, 0x03, 0x0c, 0x02, 0x08, 0x40, 0x80,
	0x3b, 0xf7, 0x1c, 0x04, 0x18, 0x08, 0x40, 0x80, 0x1b, 0xc8, 0x02, 0x0d, 0x0a, 0x08, 0x40, 0x80,
	0x4b, 0xb6, 0x19, 0x0c, 0x28, 0x0c, 0x40, 0x80, 0x0b, 0x88, 0x23, 0x0d, 0x0a, 0x08, 0x40, 0x80,
	0x1b, 0xe6, 0x99, 0x0c, 0x28, 0x0e, 0x40, 0x80, 0x3e, 0xa0, 0x22, 0x30, 0x17, 0x85, 0x40, 0x42,
	0x00, 0x01, 0x0d, 0x92, 0x4b, 0xa6, 0x10, 0x84, 0x1b, 0xc8, 0x83, 0x0d, 0x02, 0x08, 0x40, 0x80,
	0x1b, 0xf6, 0x10, 0x84, 0x3e, 0x30, 0x44, 0x34, 0x16, 0x05, 0x40, 0x42, 0x00, 0x01, 0x0d, 0x92,
	0x4b, 0xb6, 0x31, 0x84, 0x1b, 0xe6, 0x29, 0x04, 0x08, 0x08, 0x40, 0x00, 0x02, 0x04, 0x00, 0x80,
	0x1b, 0xf6, 0x18, 0x8d, 0x4b, 0xb6, 0x38, 0x8d, 0x1b, 0xe6, 0x21, 0xad, 0x4b, 0xa6, 0x01, 0xaf,
	0x4b, 0xa6, 0x10, 0x84, 0x1b, 0xe6, 0x10, 0x84, 0x4b, 0xb6, 0x30, 0x85, 0x0b, 0xf6, 0x31, 0x84,
	0x2b, 0xa7, 0x04, 0x04, 0x18, 0x08, 0x40, 0x80, 0x7b, 0xe7, 0x04, 0x04, 0x18, 0x08, 0x40, 0x80,
	0x1b, 0xa6, 0x31, 0x04, 0x28, 0x08, 0x40, 0x80, 0x0b, 0xf6, 0x20, 0x05, 0x28, 0x08, 0x40, 0x80,
	0x8d, 0x16, 0x08, 0x04, 0x0c, 0x08, 0x00, 0x80, 0x9d, 0x86, 0xc0, 0x44, 0x0c, 0x0a, 0x40, 0x80,
	0x8d, 0x86, 0x41, 0x44, 0x09, 0x08, 0x40, 0x80, 0x9d, 0x86, 0x81, 0x44, 0x48, 0x08, 0x40, 0x80,
	0xdc, 0x01, 0x01, 0x80, 0x2a, 0x42, 0x13, 0x80, 0xea, 0xe6, 0x56, 0x80, 0x1c, 0x03, 0x00, 0x80,
	0x00, 0x00, 0x00, 0x00, 0x00, 0x00, 0x00, 0x00, 0x00, 0x00, 0x00, 0x00, 0x00, 0x00, 0x00, 0x00,
	0xe0, 0xe1, 0x01, 0x43, 0x3a, 0xa1, 0x91, 0xd0, 0x1b, 0x36, 0x40, 0x04, 0x0a, 0x08, 0x80, 0x04,
	0x00, 0x06, 0x00, 0x80, 0x4b, 0x76, 0x01, 0x04, 0x0a, 0x08, 0x40, 0x80, 0x1f, 0x88, 0x83, 0x04,
	0x0a, 0x0a, 0x40, 0x80, 0x3e, 0x20, 0x20, 0x30, 0x26, 0x08, 0x40, 0x42, 0x00, 0x01, 0x0d, 0x92,
	0x90, 0xe3, 0x00, 0x13, 0x08, 0x60, 0x84, 0x81, 0x1c, 0x14, 0x02, 0x00, 0x00, 0x80, 0x00, 0x80,
	0x78, 0xf3, 0x82, 0x69, 0x2f, 0x00, 0xb2, 0xa5, 0x3e, 0x30, 0x00, 0x34, 0x07, 0x08, 0x40, 0x42,
	0x00, 0x01, 0x0d, 0x92, 0xf0, 0x42, 0x14, 0x58, 0x00, 0x28, 0x90, 0x01, 0x98, 0x0a, 0x4c, 0x84,
	0x4b, 0xa6, 0x10, 0x84, 0x1b, 0xf6, 0x10, 0x84, 0x4b, 0xb6, 0x31, 0x84, 0x1b, 0xe6, 0xa9, 0x84,
	0x1c, 0x0c, 0xfe, 0x7f, 0xff, 0x1b, 0x00, 0x80, 0x4a, 0xe8, 0x07, 0x40, 0x28, 0x18, 0x43, 0x80,
	0x1a, 0x10, 0x80, 0xad, 0x8d, 0x0e, 0x00, 0xc5, 0x9d, 0x0e, 0xc0, 0xc5, 0x8d, 0x0e, 0x00, 0x44,
	0x09, 0x08, 0x40, 0x80, 0x9d, 0x0e, 0xc0, 0x44, 0x09, 0x0a, 0x40, 0x80, 0xdc, 0x01, 0x01, 0x80,
	0x2a, 0x46, 0x12, 0x82, 0xea, 0x62, 0x57, 0x80, 0x1c, 0x03, 0x00, 0x80, 0x00, 0x00, 0x00, 0x00,
	0x00, 0x00, 0x00, 0x00, 0x00, 0x00, 0x00, 0x00, 0x00, 0x00, 0x00, 0x00, 0x00, 0x00, 0x00, 0x00,
	0xe0, 0xe1, 0x01, 0x43, 0x3a, 0xa1, 0x91, 0xd0, 0x1b, 0x36, 0x40, 0x04, 0x0a, 0x08, 0x80, 0x04,
	0x00, 0x06, 0x00, 0x80, 0x4b, 0x76, 0x01, 0x04, 0x0a, 0x08, 0x40, 0x80, 0x1f, 0x88, 0x83, 0x04,
	0x0a, 0x0a, 0x40, 0x80, 0x3e, 0x20, 0x20, 0x34, 0x27, 0x08, 0x40, 0x42, 0x00, 0x01, 0x0d, 0x92,
	0x90, 0xe3, 0x00, 0x13, 0x08, 0x60, 0x84, 0x81, 0x1c, 0x34, 0x02, 0x00, 0x00, 0x80, 0x00, 0x80,
	0x78, 0xf3, 0x82, 0x69, 0x2f, 0x00, 0xb2, 0xa5, 0x3e, 0x30, 0x00, 0x30, 0x06, 0x08, 0x40, 0x42,
	0x00, 0x01, 0x0d, 0x92, 0xf0, 0x42, 0x14, 0x58, 0x00, 0x28, 0x90, 0x01, 0x98, 0x0a, 0x4c, 0x84,
	0x1b, 0xe6, 0x02, 0x07, 0x08, 0x18, 0x60, 0x80, 0x4b, 0xa6, 0x23, 0x07, 0x08, 0x18, 0x60, 0x80,
	0x1b, 0xf6, 0x23, 0x07, 0x08, 0x18, 0x60, 0x80, 0x4b, 0xb6, 0x82, 0x0c, 0x0a, 0x18, 0x60, 0x80,
	0x1c, 0xac, 0xfc, 0x7f, 0xff, 0x1b, 0x00, 0x80, 0xdc, 0x01, 0x01, 0x80, 0x2a, 0x42, 0x12, 0x83,
	0xaa, 0xf2, 0x16, 0x83, 0x1c, 0x03, 0x00, 0x80, 0x00, 0x00, 0x00, 0x00, 0x00, 0x00, 0x00, 0x00,
	0xe0, 0xe1, 0x01, 0x43, 0x3a, 0xa1, 0x91, 0xd0, 0x1b, 0x36, 0x40, 0x04, 0x0a, 0x08, 0x80, 0x04,
	0x00, 0x06, 0x00, 0x80, 0x4b, 0x76, 0x01, 0x04, 0x0a, 0x08, 0x40, 0x80, 0x1f, 0x88, 0x83, 0x04,
	0x0a, 0x0a, 0x40, 0x80, 0x3e, 0x20, 0x20, 0x34, 0x27, 0x08, 0x40, 0x42, 0x00, 0x01, 0x0d, 0x92,
	0x90, 0xe3, 0x00, 0x13, 0x08, 0x60, 0x84, 0x81, 0x1c, 0x34, 0x02, 0x00, 0x00, 0x80, 0x00, 0x80,
	0x78, 0xf3, 0x82, 0x69, 0x2f, 0x00, 0xb2, 0xa5, 0x3e, 0x30, 0x00, 0x30, 0x06, 0x08, 0x40, 0x42,
	0x00, 0x01, 0x0d, 0x92, 0xf0, 0x42, 0x14, 0x58, 0x00, 0x28, 0x90, 0x01, 0x98, 0x0a, 0x4c, 0x84,
	0x1b, 0xe6, 0x02, 0x07, 0x08, 0x18, 0x61, 0x80, 0x4b, 0xa6, 0x23, 0x07, 0x08, 0x18, 0x61, 0x80,
	0x1b, 0xf6, 0x23, 0x07, 0x08, 0x18, 0x61, 0x80, 0x4b, 0xb6, 0x82, 0x0c, 0x0a, 0x18, 0x61, 0x80,
	0x1c, 0xac, 0xfc, 0x7f, 0xff, 0x1b, 0x00, 0x80, 0xdc, 0x01, 0x01, 0x80, 0x2a, 0x42, 0x12, 0x83,
	0xaa, 0xf2, 0x16, 0x83, 0x1c, 0x03, 0x00, 0x80, 0x00, 0x00, 0x00, 0x00, 0x00, 0x00, 0x00, 0x00,
	0xa0, 0x61, 0x02, 0x43, 0x7a, 0xa1, 0x91, 0xd0, 0x09, 0x46, 0x00, 0x04, 0x00, 0x08, 0xc0, 0x80,
	0x19, 0x56, 0xe0, 0x04, 0x00, 0x0a, 0x40, 0x80, 0x78, 0xf2, 0x82, 0x69, 0x2d, 0x00, 0x92, 0x25,
	0x42, 0x82, 0x00, 0x9a, 0xbe, 0x31, 0x20, 0x30, 0x00, 0x0c, 0x40, 0x42, 0x00, 0x01, 0x0d, 0x92,
	0xdc, 0x01, 0x01, 0x80, 0x9c, 0x02, 0x00, 0x00, 0x00, 0x00, 0x04, 0x80, 0x2a, 0x42, 0x12, 0x80,
	0x6a, 0xea, 0x16, 0x80, 0x1c, 0x03, 0x00, 0x80, 0x00, 0x00, 0x00, 0x00, 0x00, 0x00, 0x00, 0x00,
	0x00, 0x00, 0x00, 0x00, 0x00, 0x00, 0x00, 0x00, 0x00, 0x00, 0x00, 0x00, 0x00, 0x00, 0x00, 0x00,
	0xe0, 0xe1, 0x01, 0x43, 0x3a, 0xa1, 0xb1, 0xd0, 0x0b, 0x36, 0x00, 0x06, 0x08, 0x08, 0xc0, 0x80,
	0x5b, 0x76, 0x80, 0x06, 0x08, 0x0a, 0x40, 0x80, 0x3e, 0x20, 0xa2, 0x33, 0x00, 0x00, 0x40, 0x02,
	0x00, 0x01, 0x8d, 0x83, 0x3e, 0xa0, 0x84, 0x27, 0x01, 0x80, 0x40, 0x02, 0x00, 0x01, 0x0d, 0x82,
	0x50, 0xb3, 0x10, 0x04, 0x2a, 0x28, 0x10, 0x81, 0xf8, 0x1e, 0xf1, 0x5d, 0x01, 0x1c, 0x16, 0x20,
	0x78, 0x80, 0x00, 0x9a, 0xeb, 0xa7, 0x14, 0x04, 0x08, 0x08, 0x40, 0xc1, 0xbb, 0xf7, 0x14, 0x04,
	0x08, 0x08, 0x40, 0xc0, 0xdb, 0xb6, 0xb0, 0x04, 0x08, 0x08, 0x40, 0xc0, 0x8b, 0xe6, 0xa9, 0x04,
	0x08, 0x0a, 0x40, 0xc0, 0xb0, 0x63, 0x32, 0x7a, 0x08, 0x08, 0x91, 0x95, 0xb0, 0xe3, 0x3a, 0x5a,
	0x88, 0x28, 0x91, 0x95, 0x78, 0xba, 0x00, 0x5d, 0x69, 0x08, 0xb2, 0x0f, 0x40, 0x83, 0x09, 0x1a,
	0x50, 0x02, 0x00, 0x80, 0x90, 0xe3, 0x32, 0x1a, 0x08, 0x08, 0x91, 0x95, 0x90, 0x63, 0x3e, 0x1a,
	0x48, 0x28, 0x91, 0x95, 0x78, 0xb3, 0x84, 0x5d, 0x69, 0x08, 0xb2, 0x0f, 0x40, 0x83, 0x09, 0x1a,
	0x50, 0x02, 0x00, 0x80, 0xdc, 0x01, 0x01, 0x80, 0xea, 0x66, 0x52, 0x80, 0x1c, 0x03, 0x00, 0x80,
	0x00, 0x00, 0x00, 0x00, 0x00, 0x00, 0x00, 0x00, 0x00, 0x00, 0x00, 0x00, 0x00, 0x00, 0x00, 0x00,
	0xe0, 0xe1, 0x01, 0x43, 0x3a, 0xa1, 0x91, 0xd0, 0x4b, 0x26, 0x00, 0x04, 0x08, 0x08, 0xc0, 0x80,
	0x1b, 0x76, 0x00, 0x84, 0x0b, 0xc8, 0xa3, 0x04, 0x00, 0x0a, 0x40, 0x80, 0x3e, 0x20, 0xa0, 0x33,
	0x20, 0x00, 0x80, 0x02, 0x00, 0x01, 0x0d, 0x82, 0x90, 0x63, 0x32, 0x1a, 0x08, 0x08, 0x91, 0x95,
	0x90, 0xe3, 0x3a, 0x1a, 0x08, 0x28, 0x91, 0x95, 0x78, 0xba, 0x00, 0x5d, 0x69, 0x08, 0xb2, 0x0f,
	0x40, 0x83, 0x09, 0x1a, 0x50, 0x02, 0x00, 0x80, 0x90, 0x63, 0x32, 0x1a, 0x48, 0x08, 0x91, 0x95,
	0x90, 0xe3, 0x3e, 0x1a, 0x48, 0x28, 0x91, 0x95, 0x78, 0xb3, 0x84, 0x5d, 0x69, 0x08, 0xb2, 0x0f,
	0x40, 0x83, 0x09, 0x1a, 0x50, 0x02, 0x00, 0x80, 0xdc, 0x01, 0x01, 0x80, 0x6a, 0x6e, 0x12, 0x80,
	0x1c, 0x03, 0x00, 0x80, 0x00, 0x00, 0x00, 0x00, 0x00, 0x00, 0x00, 0x00, 0x00, 0x00, 0x00, 0x00,
	0xe0, 0xe1, 0x01, 0x43, 0x3a, 0xa1, 0x91, 0xd0, 0x09, 0x46, 0x00, 0x04, 0x00, 0x08, 0xc0, 0x80,
	0x19, 0x56, 0xe0, 0x04, 0x00, 0x0a, 0x40, 0x80, 0xbe, 0x21, 0xa0, 0x33, 0x20, 0x00, 0x40, 0x02,
	0x00, 0x01, 0x0d, 0x82, 0x90, 0x63, 0x32, 0x1a, 0x08, 0x08, 0x91, 0x95, 0x90, 0xe3, 0x3a, 0x1a,
	0x08, 0x28, 0x91, 0x95, 0x78, 0xba, 0x00, 0x5d, 0x69, 0x08, 0xb2, 0x0f, 0x40, 0x83, 0x09, 0x1a,
	0x50, 0x02, 0x00, 0x80, 0x90, 0x63, 0x32, 0x1a, 0x48, 0x08, 0x91, 0x95, 0x90, 0xe3, 0x3e, 0x1a,
	0x48, 0x28, 0x91, 0x95, 0x78, 0xb3, 0x84, 0x5d, 0x69, 0x08, 0xb2, 0x0f, 0x40, 0x83, 0x09, 0x1a,
	0x50, 0x02, 0x00, 0x80, 0xdc, 0x01, 0x01, 0x80, 0x6a, 0x6e, 0x12, 0x80, 0x1c, 0x03, 0x00, 0x80,
	0x00, 0x00, 0x00, 0x00, 0x00, 0x00, 0x00, 0x00, 0x00, 0x00, 0x00, 0x00, 0x00, 0x00, 0x00, 0x00,
	0xe0, 0xe1, 0x01, 0x43, 0x3a, 0xa1, 0x91, 0xd0, 0x4b, 0x26, 0x00, 0x04, 0x08, 0x08, 0xc0, 0x80,
	0x1b, 0x76, 0x00, 0x84, 0x0b, 0xc8, 0xa3, 0x04, 0x00, 0x0a, 0x40, 0x80, 0x3e, 0x20, 0xa0, 0x33,
	0x00, 0x00, 0x80, 0x02, 0x00, 0x01, 0x0d, 0x82, 0x78, 0x32, 0x91, 0x20, 0x8c, 0x18, 0x96, 0x25,
	0xc0, 0x82, 0x00, 0x9a, 0x10, 0xb3, 0x14, 0x35, 0x0a, 0x28, 0x10, 0x81, 0xb0, 0x63, 0x31, 0x5a,
	0x88, 0x08, 0x90, 0x95, 0x90, 0xe3, 0x39, 0x1a, 0x08, 0x28, 0x90, 0x95, 0x80, 0x61, 0x39, 0x1a,
	0x48, 0x00, 0x90, 0x95, 0x80, 0xe1, 0x35, 0x1a, 0x48, 0x22, 0x90, 0x95, 0x78, 0x9a, 0x13, 0x00,
	0xa0, 0x09, 0xb6, 0xa5, 0x78, 0xa2, 0x02, 0x20, 0x58, 0x08, 0xf4, 0x2d, 0x41, 0x96, 0x20, 0x9a,
	0x78, 0xa3, 0x17, 0x20, 0x5c, 0x09, 0xf4, 0x2d, 0x40, 0x86, 0x20, 0x9a, 0x78, 0x13, 0x80, 0x69,
	0x11, 0x00, 0xb2, 0xa5, 0x78, 0xbc, 0xe0, 0x5d, 0x61, 0x08, 0xb4, 0x15, 0x40, 0xc2, 0x0a, 0x9b,
	0xdc, 0x01, 0x01, 0x80, 0x6a, 0x6a, 0x01, 0x80, 0x1c, 0x03, 0x00, 0x80, 0x00, 0x00, 0x00, 0x00,
	0xe0, 0xe1, 0x01, 0x43, 0x3a, 0xa1, 0x91, 0xd0, 0x49, 0x36, 0xc0, 0x04, 0x08, 0x02, 0x80, 0x00,
	0x00, 0x06, 0x00, 0x80, 0xca, 0x8c, 0x03, 0x60, 0x18, 0x18, 0x00, 0x00, 0x38, 0x00, 0x40, 0x80,
	0x0b, 0x66, 0x90, 0x84, 0xca, 0x83, 0x13, 0x40, 0x10, 0x18, 0x00, 0x00, 0x38, 0x00, 0x40, 0x80,
	0x78, 0x13, 0x11, 0x00, 0x10, 0x21, 0xf6, 0x25, 0x40, 0x8b, 0x00, 0x1a, 0x00, 0x03, 0x00, 0x80,
	0x78, 0x16, 0x80, 0x02, 0x00, 0x20, 0xf6, 0x25, 0x40, 0x83, 0x00, 0x1a, 0x00, 0x03, 0x00, 0x80,
	0x78, 0x81, 0x15, 0x0b, 0x00, 0x01, 0xf2, 0x15, 0x40, 0xc7, 0x8e, 0x1a, 0x08, 0x02, 0x00, 0x80,
	0x78, 0x32, 0x80, 0x00, 0x90, 0x20, 0xf6, 0x25, 0x40, 0x83, 0x00, 0x1a, 0x00, 0x03, 0x00, 0x80,
	0x78, 0x89, 0x11, 0x0b, 0x00, 0x01, 0xf2, 0x17, 0x40, 0xc7, 0x9e, 0x1a, 0x08, 0x02, 0x00, 0x80,
	0x78, 0x36, 0x80, 0x02, 0x80, 0x20, 0xf6, 0x25, 0x40, 0x83, 0x00, 0x1a, 0x00, 0x03, 0x00, 0x80,
	0x78, 0x81, 0x15, 0x0b, 0x00, 0x01, 0xba, 0x15, 0x40, 0xc7, 0x8f, 0x1a, 0x08, 0x02, 0x00, 0x80,
	0x78, 0x02, 0xe0, 0x34, 0x58, 0x28, 0xb6, 0xa5, 0xf0, 0xc2, 0x1b, 0x78, 0x09, 0x08, 0x10, 0x81,
	0x78, 0x06, 0xe0, 0x36, 0x48, 0x28, 0xb6, 0xa5, 0x30, 0xc2, 0x19, 0x40, 0x89, 0x28, 0x10, 0x81,
	0x20, 0xc0, 0x54, 0x60, 0x04, 0x30, 0x98, 0x00, 0x98, 0x0b, 0x0c, 0x84, 0x8e, 0x95, 0x28, 0x01,
	0x80, 0x00, 0x50, 0x80, 0xb0, 0x63, 0x30, 0x12, 0x48, 0x22, 0xd0, 0x95, 0x78, 0x1f, 0x93, 0x00,
	0xb0, 0x08, 0xb6, 0xa5, 0x78, 0x32, 0x17, 0x6b, 0x29, 0x00, 0xb2, 0xa5, 0x78, 0x33, 0x13, 0x6b,
	0x2d, 0x00, 0xb2, 0xa5, 0x78, 0x52, 0x11, 0x69, 0x31, 0x00, 0xb2, 0x25, 0x40, 0xa2, 0x00, 0x9a,
	0x90, 0x63, 0x31, 0x1a, 0x08, 0x28, 0x90, 0x95, 0x78, 0x9e, 0x93, 0x00, 0xa0, 0x09, 0xb6, 0xa5,
	0xf8, 0x10, 0xe6, 0x5f, 0x61, 0x08, 0xb6, 0x0d, 0x41, 0xc2, 0x02, 0x9b, 0xdc, 0x01, 0x01, 0x80,
	0xaa, 0x76, 0x00, 0x80, 0x1c, 0x03, 0x00, 0x80, 0x00, 0x00, 0x00, 0x00, 0x00, 0x00, 0x00, 0x00,
	0x00, 0x00, 0x00, 0x00, 0x00, 0x00, 0x00, 0x00, 0x00, 0x00, 0x00, 0x00, 0x00, 0x00, 0x00, 0x00,
	0xe0, 0xe1, 0x01, 0x43, 0x3a, 0xa1, 0x91, 0xd0, 0x09, 0x46, 0x00, 0x04, 0x00, 0x08, 0xc0, 0x80,
	0x19, 0x56, 0xe0, 0x04, 0x00, 0x0a, 0x40, 0x80, 0xbe, 0x21, 0xa0, 0x33, 0x00, 0x00, 0x40, 0x02,
	0x00, 0x01, 0x0d, 0x82, 0x78, 0x32, 0x91, 0x22, 0x8c, 0x18, 0x96, 0x25, 0xc0, 0x82, 0x00, 0x9a,
	0x10, 0xb3, 0x14, 0x35, 0x0a, 0x28, 0x10, 0x81, 0xb0, 0x63, 0x31, 0x5a, 0x88, 0x08, 0x90, 0x95,
	0x90, 0xe3, 0x39, 0x1a, 0x08, 0x28, 0x90, 0x95, 0x80, 0x61, 0x39, 0x1a, 0x48, 0x00, 0x90, 0x95,
	0x80, 0xe1, 0x35, 0x1a, 0x48, 0x22, 0x90, 0x95, 0x78, 0x9a, 0x13, 0x00, 0xa0, 0x09, 0xb6, 0xa5,
	0x78, 0xa2, 0x02, 0x20, 0x58, 0x08, 0xf4, 0x2d, 0x41, 0x96, 0x20, 0x9a, 0x78, 0xa3, 0x17, 0x20,
	0x5c, 0x09, 0xf4, 0x2d, 0x40, 0x86, 0x20, 0x9a, 0x78, 0x13, 0x80, 0x69, 0x11, 0x00, 0xb2, 0xa5,
	0x78, 0xbc, 0xe0, 0x5d, 0x61, 0x08, 0xb4, 0x15, 0x40, 0xc2, 0x0a, 0x9b, 0xdc, 0x01, 0x01, 0x80,
	0x6a, 0x6a, 0x01, 0x80, 0x1c, 0x03, 0x00, 0x80, 0x00, 0x00, 0x00, 0x00, 0x00, 0x00, 0x00, 0x00,
	0xe0, 0xe1, 0x01, 0x43, 0x3a, 0xa1, 0x91, 0xd0, 0x4b, 0x26, 0x00, 0x04, 0x08, 0x08, 0xc0, 0x80,
	0x1b, 0x76, 0x80, 0x04, 0x08, 0x0a, 0x40, 0x80, 0x78, 0xf2, 0x82, 0x69, 0x2d, 0x00, 0x92, 0x25,
	0x42, 0x82, 0x00, 0x9a, 0x3e, 0x30, 0x20, 0x30, 0x00, 0x08, 0x40, 0x02, 0x00, 0x01, 0x0d, 0x92,
	0x78, 0x32, 0x91, 0x22, 0x9c, 0x08, 0x96, 0x25, 0xc0, 0x82, 0x00, 0x9a, 0x10, 0xb3, 0x14, 0x35,
	0x0a, 0x28, 0x10, 0x81, 0xb0, 0x63, 0x31, 0x5a, 0x88, 0x08, 0x90, 0x95, 0x90, 0xe3, 0x39, 0x1a,
	0x08, 0x28, 0x90, 0x95, 0x80, 0x61, 0x39, 0x1a, 0x48, 0x00, 0x90, 0x95, 0x80, 0xe1, 0x35, 0x1a,
	0x48, 0x22, 0x90, 0x95, 0x78, 0x9a, 0x13, 0x00, 0xa0, 0x09, 0xb6, 0xa5, 0x78, 0xa2, 0x02, 0x20,
	0x58, 0x08, 0xf4, 0x2d, 0x41, 0x96, 0x20, 0x9a, 0x78, 0xa3, 0x17, 0x20, 0x5c, 0x09, 0xf4, 0x2d,
	0x40, 0x86, 0x20, 0x9a, 0x78, 0x13, 0x80, 0x69, 0x11, 0x00, 0xb2, 0xa5, 0x78, 0xbc, 0xe0, 0x5d,
	0x61, 0x08, 0xb4, 0x15, 0x40, 0xc2, 0x0a, 0x9b, 0xdc, 0x01, 0x01, 0x80, 0x6a, 0x6a, 0x01, 0x80,
	0x1c, 0x03, 0x00, 0x80, 0x00, 0x00, 0x00, 0x00, 0x00, 0x00, 0x00, 0x00, 0x00, 0x00, 0x00, 0x00,
	0x00, 0x00, 0x00, 0x00, 0x00, 0x00, 0x00, 0x00, 0x00, 0x00, 0x00, 0x00, 0x00, 0x00, 0x00, 0x00,
	0xe0, 0xe1, 0x01, 0x43, 0x3a, 0xa1, 0x91, 0xd0, 0x4b, 0x26, 0x00, 0x04, 0x08, 0x08, 0xc0, 0x80,
	0x1b, 0x76, 0x00, 0x84, 0x0b, 0xc8, 0xa3, 0x04, 0x00, 0x0a, 0x40, 0x80, 0x3e, 0x20, 0xa0, 0x33,
	0x20, 0x00, 0x80, 0x02, 0x00, 0x01, 0x0d, 0x82, 0xca, 0x81, 0x83, 0x40, 0x00, 0x12, 0x53, 0x80,
	0xca, 0x89, 0x23, 0x40, 0x00, 0x00, 0x32, 0x00, 0x38, 0x00, 0x40, 0x80, 0xdc, 0x01, 0x01, 0x80,
	0x9c, 0x02, 0x00, 0x00, 0x00, 0x00, 0x20, 0x80, 0xaa, 0x72, 0x00, 0x80, 0x1c, 0x03, 0x00, 0x80,
	0x00, 0x00, 0x00, 0x00, 0x00, 0x00, 0x00, 0x00, 0x00, 0x00, 0x00, 0x00, 0x00, 0x00, 0x00, 0x00,
	0xe0, 0xe1, 0x01, 0x43, 0x3a, 0xa1, 0x91, 0xd0, 0x09, 0x46, 0x00, 0x04, 0x00, 0x08, 0xc0, 0x80,
	0x19, 0x56, 0xe0, 0x04, 0x00, 0x0a, 0x40, 0x80, 0xbe, 0x21, 0xa0, 0x33, 0x20, 0x00, 0x40, 0x02,
	0x00, 0x01, 0x0d, 0x82, 0xca, 0x81, 0x83, 0x40, 0x00, 0x12, 0x53, 0x80, 0xca, 0x89, 0x23, 0x40,
	0x00, 0x00, 0x32, 0x00, 0x38, 0x00, 0x40, 0x80, 0xdc, 0x01, 0x01, 0x80, 0x9c, 0x02, 0x00, 0x00,
	0x00, 0x00, 0x20, 0x80, 0xaa, 0x72, 0x00, 0x80, 0x1c, 0x03, 0x00, 0x80, 0x00, 0x00, 0x00, 0x00,
	0x00, 0x00, 0x00, 0x00, 0x00, 0x00, 0x00, 0x00, 0x00, 0x00, 0x00, 0x00, 0x00, 0x00, 0x00, 0x00,
	0xe0, 0xe1, 0x01, 0x43, 0x3a, 0xa1, 0x91, 0xd0, 0x4b, 0x26, 0x00, 0x04, 0x08, 0x08, 0xc0, 0x80,
	0x1b, 0x76, 0x00, 0x84, 0x0b, 0xc8, 0xa3, 0x04, 0x00, 0x0a, 0x40, 0x80, 0x3e, 0x20, 0xa0, 0x33,
	0x20, 0x00, 0x80, 0x02, 0x00, 0x01, 0x0d, 0x82, 0xca, 0x85, 0x83, 0x40, 0x00, 0x18, 0x43, 0x80,
	0xca, 0x8b, 0x87, 0x40, 0x00, 0x18, 0x43, 0x80, 0xca, 0x88, 0xc3, 0x40, 0x00, 0x18, 0x43, 0x80,
	0xca, 0x87, 0xc7, 0x40, 0x00, 0x1a, 0x43, 0x80, 0xca, 0x89, 0x23, 0x40, 0x00, 0x00, 0x32, 0x00,
	0x38, 0x00, 0x40, 0x80, 0xdc, 0x01, 0x01, 0x80, 0x9c, 0x02, 0x00, 0x00, 0x00, 0x00, 0x20, 0x80,
	0xaa, 0x72, 0x00, 0x80, 0x1c, 0x03, 0x00, 0x80, 0x00, 0x00, 0x00, 0x00, 0x00, 0x00, 0x00, 0x00,
	0x00, 0x00, 0x00, 0x00, 0x00, 0x00, 0x00, 0x00, 0x00, 0x00, 0x00, 0x00, 0x00, 0x00, 0x00, 0x00,
	0xe0, 0xe1, 0x01, 0x43, 0x3a, 0xa1, 0x91, 0xd0, 0x09, 0x46, 0x00, 0x04, 0x00, 0x08, 0xc0, 0x80,
	0x19, 0x56, 0xe0, 0x04, 0x00, 0x0a, 0x40, 0x80, 0xbe, 0x21, 0xa0, 0x33, 0x20, 0x00, 0x40, 0x02,
	0x00, 0x01, 0x0d, 0x82, 0xca, 0x85, 0x83, 0x40, 0x00, 0x18, 0x43, 0x80, 0xca, 0x8b, 0x87, 0x40,
	0x00, 0x18, 0x43, 0x80, 0xca, 0x88, 0xc3, 0x40, 0x00, 0x18, 0x43, 0x80, 0xca, 0x87, 0xc7, 0x40,
	0x00, 0x1a, 0x43, 0x80, 0xca, 0x89, 0x23, 0x40, 0x00, 0x00, 0x32, 0x00, 0x38, 0x00, 0x40, 0x80,
	0xdc, 0x01, 0x01, 0x80, 0x9c, 0x02, 0x00, 0x00, 0x00, 0x00, 0x20, 0x80, 0xaa, 0x72, 0x00, 0x80,
	0x1c, 0x03, 0x00, 0x80, 0x00, 0x00, 0x00, 0x00, 0x00, 0x00, 0x00, 0x00, 0x00, 0x00, 0x00, 0x00,
	0x00, 0x00, 0x00, 0x00, 0x00, 0x00, 0x00, 0x00, 0x00, 0x00, 0x00, 0x00, 0x00, 0x00, 0x00, 0x00,
	0xe0, 0xe1, 0x01, 0x43, 0x3a, 0xa1, 0x91, 0xd0, 0x4b, 0x26, 0x00, 0x04, 0x08, 0x08, 0xc0, 0x80,
	0x1b, 0x76, 0x00, 0x84, 0x0b, 0xc8, 0xa3, 0x04, 0x00, 0x0a, 0x40, 0x80, 0x3e, 0x20, 0xa0, 0x33,
	0x20, 0x00, 0x80, 0x02, 0x00, 0x01, 0x0d, 0x82, 0x10, 0x63, 0x32, 0x02, 0x08, 0x08, 0x90, 0x95,
	0x10, 0xe3, 0x3a, 0x02, 0x08, 0x28, 0x90, 0x95, 0x00, 0x61, 0x3a, 0x02, 0x48, 0x00, 0x90, 0x95,
	0x00, 0xe1, 0x36, 0x02, 0x48, 0x22, 0x90, 0x95, 0x78, 0x9a, 0x13, 0x00, 0xa0, 0x09, 0xb6, 0xa5,
	0x78, 0xa2, 0x02, 0x20, 0x58, 0x08, 0xf4, 0x2d, 0x41, 0x96, 0x20, 0x9a, 0x78, 0xa3, 0x17, 0x20,
	0x5c, 0x09, 0xf4, 0x2d, 0x40, 0x86, 0x20, 0x9a, 0x78, 0x13, 0x80, 0x69, 0x11, 0x00, 0xb2, 0xa5,
	0x78, 0xbc, 0xe0, 0x5d, 0x61, 0x08, 0xb4, 0x15, 0x40, 0xc2, 0x0a, 0x9b, 0xdc, 0x01, 0x01, 0x80,
	0x6a, 0x6a, 0x01, 0x80, 0x1c, 0x03, 0x00, 0x80, 0x00, 0x00, 0x00, 0x00, 0x00, 0x00, 0x00, 0x00,
	0x00, 0x00, 0x00, 0x00, 0x00, 0x00, 0x00, 0x00, 0x00, 0x00, 0x00, 0x00, 0x00, 0x00, 0x00, 0x00,
	0xe0, 0xe1, 0x01, 0x43, 0x3a, 0xa1, 0x91, 0xd0, 0x09, 0x46, 0x00, 0x04, 0x00, 0x08, 0xc0, 0x80,
	0x19, 0x56, 0xe0, 0x04, 0x00, 0x0a, 0x40, 0x80, 0xbe, 0x21, 0xa0, 0x33, 0x20, 0x00, 0x40, 0x02,
	0x00, 0x01, 0x0d, 0x82, 0x50, 0x63, 0x32, 0x02, 0x08, 0x08, 0x90, 0x95, 0x50, 0xe3, 0x3a, 0x02,
	0x08, 0x28, 0x90, 0x95, 0x40, 0x61, 0x3a, 0x02, 0x48, 0x00, 0x90, 0x95, 0x40, 0xe1, 0x36, 0x02,
	0x48, 0x22, 0x90, 0x95, 0x78, 0x9a, 0x13, 0x00, 0xa0, 0x09, 0xb6, 0xa5, 0x78, 0xa2, 0x02, 0x20,
	0x58, 0x08, 0xf4, 0x2d, 0x41, 0x96, 0x20, 0x9a, 0x78, 0xa3, 0x17, 0x20, 0x5c, 0x09, 0xf4, 0x2d,
	0x40, 0x86, 0x20, 0x9a, 0x78, 0x13, 0x80, 0x69, 0x11, 0x00, 0xb2, 0xa5, 0x78, 0xbc, 0xe0, 0x5d,
	0x61, 0x08, 0xb4, 0x15, 0x40, 0xc2, 0x0a, 0x9b, 0xdc, 0x01, 0x01, 0x80, 0x6a, 0x6a, 0x01, 0x80,
	0x1c, 0x03, 0x00, 0x80, 0x00, 0x00, 0x00, 0x00, 0x00, 0x00, 0x00, 0x00, 0x00, 0x00, 0x00, 0x00,
	0x00, 0x00, 0x00, 0x00, 0x00, 0x00, 0x00, 0x00, 0x00, 0x00, 0x00, 0x00, 0x00, 0x00, 0x00, 0x00,
	0xe0, 0xe1, 0x01, 0x43, 0x3a, 0xa1, 0x91, 0xd0, 0x4b, 0x26, 0x00, 0x04, 0x08, 0x08, 0xc0, 0x80,
	0x1b, 0x76, 0x00, 0x84, 0x0b, 0xc8, 0xa3, 0x04, 0x00, 0x0a, 0x40, 0x80, 0x3e, 0x20, 0xa0, 0x33,
	0x20, 0x00, 0x80, 0x02, 0x00, 0x01, 0x0d, 0x82, 0x10, 0x63, 0x32, 0x02, 0x08, 0x08, 0x90, 0x95,
	0x10, 0xe3, 0x3a, 0x02, 0x08, 0x28, 0x90, 0x95, 0x78, 0xba, 0x00, 0x5d, 0x69, 0x08, 0xb2, 0x0f,
	0x40, 0x83, 0x09, 0x1a, 0x50, 0x02, 0x00, 0x80, 0x10, 0x63, 0x32, 0x02, 0x48, 0x08, 0x90, 0x95,
	0x10, 0xe3, 0x3e, 0x02, 0x48, 0x28, 0x90, 0x95, 0x78, 0xb3, 0x84, 0x5d, 0x69, 0x08, 0xb2, 0x0f,
	0x40, 0x83, 0x09, 0x1a, 0x50, 0x02, 0x00, 0x80, 0xdc, 0x01, 0x01, 0x80, 0x6a, 0x6e, 0x12, 0x80,
	0x1c, 0x03, 0x00, 0x80, 0x00, 0x00, 0x00, 0x00, 0x00, 0x00, 0x00, 0x00, 0x00, 0x00, 0x00, 0x00,
	0xe0, 0xe1, 0x01, 0x43, 0x3a, 0xa1, 0x91, 0xd0, 0x09, 0x46, 0x00, 0x04, 0x00, 0x08, 0xc0, 0x80,
	0x19, 0x56, 0xe0, 0x04, 0x00, 0x0a, 0x40, 0x80, 0xbe, 0x21, 0xa0, 0x33, 0x20, 0x00, 0x40, 0x02,
	0x00, 0x01, 0x0d, 0x82, 0x50, 0x63, 0x32, 0x02, 0x08, 0x08, 0x90, 0x95, 0x50, 0xe3, 0x3a, 0x02,
	0x08, 0x28, 0x90, 0x95, 0x78, 0xba, 0x00, 0x5d, 0x69, 0x08, 0xb2, 0x0f, 0x40, 0x83, 0x09, 0x1a,
	0x50, 0x02, 0x00, 0x80, 0x50, 0x63, 0x32, 0x02, 0x48, 0x08, 0x90, 0x95, 0x50, 0xe3, 0x3e, 0x02,
	0x48, 0x28, 0x90, 0x95, 0x78, 0xb3, 0x84, 0x5d, 0x69, 0x08, 0xb2, 0x0f, 0x40, 0x83, 0x09, 0x1a,
	0x50, 0x02, 0x00, 0x80, 0xdc, 0x01, 0x01, 0x80, 0x6a, 0x6e, 0x12, 0x80, 0x1c, 0x03, 0x00, 0x80,
	0x00, 0x00, 0x00, 0x00, 0x00, 0x00, 0x00, 0x00, 0x00, 0x00, 0x00, 0x00, 0x00, 0x00, 0x00, 0x00,
	0xe0, 0xe1, 0x01, 0x43, 0x3a, 0xa1, 0x91, 0xd0, 0x4b, 0x26, 0x00, 0x04, 0x08, 0x08, 0xc0, 0x80,
	0x1b, 0x76, 0x00, 0x84, 0x0b, 0xc8, 0xa3, 0x04, 0x00, 0x0a, 0x40, 0x80, 0x3e, 0x20, 0xa0, 0x13,
	0x20, 0x00, 0x80, 0x02, 0x00, 0x01, 0x0d, 0x82, 0xc0, 0x61, 0x31, 0x1a, 0x08, 0x00, 0x90, 0x15,
	0x98, 0x4a, 0x0c, 0x84, 0xc0, 0xe1, 0x39, 0x1a, 0x08, 0x20, 0x90, 0x15, 0x98, 0x4a, 0x0c, 0x84,
	0xdc, 0x01, 0x01, 0x80, 0x6a, 0x6e, 0x12, 0x80, 0x1c, 0x03, 0x00, 0x80, 0x00, 0x00, 0x00, 0x00,
	0x00, 0x00, 0x00, 0x00, 0x00, 0x00, 0x00, 0x00, 0x00, 0x00, 0x00, 0x00, 0x00, 0x00, 0x00, 0x00,
	0xe0, 0xe1, 0x01, 0x43, 0x3a, 0xa1, 0x91, 0xd0, 0x09, 0x46, 0x00, 0x04, 0x00, 0x08, 0xc0, 0x80,
	0x19, 0x56, 0xe0, 0x04, 0x00, 0x0a, 0x40, 0x80, 0xbe, 0x21, 0xa0, 0x13, 0x20, 0x00, 0x40, 0x02,
	0x00, 0x01, 0x0d, 0x82, 0xc0, 0x61, 0x31, 0x1a, 0x08, 0x00, 0x90, 0x15, 0x98, 0x4a, 0x0c, 0x84,
	0xc0, 0xe1, 0x39, 0x1a, 0x08, 0x20, 0x90, 0x15, 0x98, 0x4a, 0x0c, 0x84, 0xdc, 0x01, 0x01, 0x80,
	0x6a, 0x6e, 0x12, 0x80, 0x1c, 0x03, 0x00, 0x80, 0x00, 0x00, 0x00, 0x00, 0x00, 0x00, 0x00, 0x00,
	0x00, 0x00, 0x00, 0x00, 0x00, 0x00, 0x00, 0x00, 0x00, 0x00, 0x00, 0x00, 0x00, 0x00, 0x00, 0x00,
	0xe0, 0xe1, 0x01, 0x43, 0x3a, 0xa1, 0x91, 0xd0, 0x4b, 0x26, 0x00, 0x04, 0x08, 0x08, 0xc0, 0x80,
	0x1b, 0x76, 0x00, 0x84, 0x0b, 0xc8, 0xa3, 0x04, 0x00, 0x0a, 0x40, 0x80, 0x3e, 0x20, 0xa0, 0x33,
	0x20, 0x00, 0x80, 0x02, 0x00, 0x01, 0x0d, 0x82, 0xc0, 0x61, 0x31, 0x1a, 0x08, 0x00, 0x90, 0x15,
	0x98, 0x4a, 0x0c, 0x84, 0xc0, 0xe1, 0x39, 0x1a, 0x08, 0x20, 0x90, 0x15, 0x98, 0x4a, 0x0c, 0x84,
	0xc0, 0x61, 0x31, 0x1a, 0x48, 0x02, 0x90, 0x15, 0x98, 0x4a, 0x0c, 0x84, 0xc0, 0xe1, 0x3d, 0x1a,
	0x48, 0x22, 0x90, 0x15, 0x98, 0x4a, 0x0c, 0x84, 0xdc, 0x01, 0x01, 0x80, 0x2a, 0x46, 0x12, 0x80,
	0x6a, 0xea, 0x17, 0x80, 0x1c, 0x03, 0x00, 0x80, 0x00, 0x00, 0x00, 0x00, 0x00, 0x00, 0x00, 0x00,
	0x00, 0x00, 0x00, 0x00, 0x00, 0x00, 0x00, 0x00, 0x00, 0x00, 0x00, 0x00, 0x00, 0x00, 0x00, 0x00,
	0xe0, 0xe1, 0x01, 0x43, 0x3a, 0xa1, 0x91, 0xd0, 0x09, 0x46, 0x00, 0x04, 0x00, 0x08, 0xc0, 0x80,
	0x19, 0x56, 0xe0, 0x04, 0x00, 0x0a, 0x40, 0x80, 0xbe, 0x21, 0xa0, 0x33, 0x20, 0x00, 0x40, 0x02,
	0x00, 0x01, 0x0d, 0x82, 0xc0, 0x61, 0x31, 0x1a, 0x08, 0x00, 0x90, 0x15, 0x98, 0x4a, 0x0c, 0x84,
	0xc0, 0xe1, 0x39, 0x1a, 0x08, 0x20, 0x90, 0x15, 0x98, 0x4a, 0x0c, 0x84, 0xc0, 0x61, 0x31, 0x1a,
	0x48, 0x02, 0x90, 0x15, 0x98, 0x4a, 0x0c, 0x84, 0xc0, 0xe1, 0x3d, 0x1a, 0x48, 0x22, 0x90, 0x15,
	0x98, 0x4a, 0x0c, 0x84, 0xdc, 0x01, 0x01, 0x80, 0x2a, 0x46, 0x12, 0x80, 0x6a, 0xea, 0x17, 0x80,
	0x1c, 0x03, 0x00, 0x80, 0x00, 0x00, 0x00, 0x00, 0x00, 0x00, 0x00, 0x00, 0x00, 0x00, 0x00, 0x00,
	0x00, 0x00, 0x00, 0x00, 0x00, 0x00, 0x00, 0x00, 0x00, 0x00, 0x00, 0x00, 0x00, 0x00, 0x00, 0x00,
	0xe0, 0xe1, 0x01, 0x43, 0x3a, 0xa1, 0x91, 0xd0, 0x4b, 0x26, 0x00, 0x04, 0x08, 0x08, 0xc0, 0x80,
	0x1b, 0x76, 0x00, 0x84, 0x0b, 0xc8, 0xa3, 0x04, 0x00, 0x0a, 0x40, 0x80, 0x3e, 0x20, 0xa0, 0x33,
	0x20, 0x00, 0x80, 0x02, 0x00, 0x01, 0x0d, 0x82, 0x90, 0x6f, 0xb1, 0x1a, 0x08, 0x28, 0x90, 0x95,
	0xb0, 0x6e, 0xb0, 0x70, 0x08, 0x08, 0x90, 0x95, 0x90, 0xef, 0xbd, 0x1a, 0x08, 0x28, 0x90, 0x95,
	0xb0, 0xee, 0xb8, 0x50, 0x88, 0x08, 0x90, 0x95, 0x80, 0x6d, 0xb1, 0x1a, 0x48, 0x20, 0x90, 0x95,
	0x80, 0x6c, 0xb8, 0x30, 0x08, 0x00, 0x90, 0x95, 0x80, 0xed, 0xb5, 0x1a, 0x48, 0x20, 0x90, 0x95,
	0x80, 0x6c, 0xb0, 0x10, 0x88, 0x22, 0x90, 0x95, 0x78, 0x92, 0x13, 0x00, 0xa0, 0x09, 0xb6, 0xa5,
	0x78, 0xa2, 0x02, 0x20, 0x58, 0x08, 0xf4, 0x2d, 0x41, 0x96, 0x20, 0x9a, 0x78, 0xa3, 0x13, 0x20,
	0x5c, 0x09, 0xf4, 0x2d, 0x40, 0x86, 0x20, 0x9a, 0x78, 0x1f, 0x80, 0x69, 0x11, 0x00, 0xb2, 0xa5,
	0x78, 0xb0, 0xe4, 0x5d, 0x61, 0x08, 0xb4, 0x15, 0x40, 0xc2, 0x0a, 0x9b, 0xdc, 0x01, 0x01, 0x80,
	0x6a, 0x6e, 0x00, 0x80, 0x1c, 0x03, 0x00, 0x80, 0x00, 0x00, 0x00, 0x00, 0x00, 0x00, 0x00, 0x00,
	0x00, 0x00, 0x00, 0x00, 0x00, 0x00, 0x00, 0x00, 0x00, 0x00, 0x00, 0x00, 0x00, 0x00, 0x00, 0x00,
	0xe0, 0xe1, 0x01, 0x43, 0x3a, 0xa1, 0x91, 0xd0, 0x09, 0x46, 0x00, 0x04, 0x00, 0x08, 0xc0, 0x80,
	0x19, 0x56, 0xe0, 0x04, 0x00, 0x0a, 0x40, 0x80, 0xbe, 0x21, 0xa0, 0x33, 0x20, 0x00, 0x40, 0x02,
	0x00, 0x01, 0x0d, 0x82, 0x90, 0x6f, 0xb1, 0x1a, 0x08, 0x28, 0x90, 0x95, 0xb0, 0x6e, 0xb0, 0x70,
	0x08, 0x08, 0x90, 0x95, 0x90, 0xef, 0xbd, 0x1a, 0x08, 0x28, 0x90, 0x95, 0xb0, 0xee, 0xb8, 0x50,
	0x88, 0x08, 0x90, 0x95, 0x80, 0x6d, 0xb1, 0x1a, 0x48, 0x20, 0x90, 0x95, 0x80, 0x6c, 0xb8, 0x30,
	0x08, 0x00, 0x90, 0x95, 0x80, 0xed, 0xb5, 0x1a, 0x48, 0x20, 0x90, 0x95, 0x80, 0x6c, 0xb0, 0x10,
	0x88, 0x22, 0x90, 0x95, 0x78, 0x92, 0x13, 0x00, 0xa0, 0x09, 0xb6, 0xa5, 0x78, 0xa2, 0x02, 0x20,
	0x58, 0x08, 0xf4, 0x2d, 0x41, 0x96, 0x20, 0x9a, 0x78, 0xa3, 0x13, 0x20, 0x5c, 0x09, 0xf4, 0x2d,
	0x40, 0x86, 0x20, 0x9a, 0x78, 0x1f, 0x80, 0x69, 0x11, 0x00, 0xb2, 0xa5, 0x78, 0xb0, 0xe4, 0x5d,
	0x61, 0x08, 0xb4, 0x15, 0x40, 0xc2, 0x0a, 0x9b, 0xdc, 0x01, 0x01, 0x80, 0x6a, 0x6e, 0x00, 0x80,
	0x1c, 0x03, 0x00, 0x80, 0x00, 0x00, 0x00, 0x00, 0x00, 0x00, 0x00, 0x00, 0x00, 0x00, 0x00, 0x00,
	0x00, 0x00, 0x00, 0x00, 0x00, 0x00, 0x00, 0x00, 0x00, 0x00, 0x00, 0x00, 0x00, 0x00, 0x00, 0x00,
	0xe0, 0xe1, 0x01, 0x43, 0x3a, 0xa1, 0x91, 0xd0, 0x4b, 0x26, 0x00, 0x04, 0x08, 0x08, 0xc0, 0x80,
	0x1b, 0x76, 0x00, 0x84, 0x0b, 0xc8, 0xa3, 0x04, 0x00, 0x0a, 0x40, 0x80, 0x3e, 0x20, 0xa0, 0x33,
	0x20, 0x00, 0x80, 0x02, 0x00, 0x01, 0x0d, 0x82, 0xca, 0x81, 0x83, 0x40, 0x10, 0x02, 0x51, 0x80,
	0xca, 0x89, 0x23, 0x40, 0x00, 0x00, 0x32, 0x00, 0x38, 0x00, 0x40, 0x80, 0xdc, 0x01, 0x01, 0x80,
	0x9c, 0x02, 0x00, 0x00, 0x00, 0x00, 0x20, 0x80, 0xaa, 0x72, 0x00, 0x80, 0x1c, 0x03, 0x00, 0x80,
	0x00, 0x00, 0x00, 0x00, 0x00, 0x00, 0x00, 0x00, 0x00, 0x00, 0x00, 0x00, 0x00, 0x00, 0x00, 0x00,
	0xe0, 0xe1, 0x01, 0x43, 0x3a, 0xa1, 0x91, 0xd0, 0x09, 0x46, 0x00, 0x04, 0x00, 0x08, 0xc0, 0x80,
	0x19, 0x56, 0xe0, 0x04, 0x00, 0x0a, 0x40, 0x80, 0xbe, 0x21, 0xa0, 0x33, 0x20, 0x00, 0x40, 0x02,
	0x00, 0x01, 0x0d, 0x82, 0xca, 0x81, 0x83, 0x40, 0x10, 0x02, 0x51, 0x80, 0xca, 0x89, 0x23, 0x40,
	0x00, 0x00, 0x32, 0x00, 0x38, 0x00, 0x40, 0x80, 0xdc, 0x01, 0x01, 0x80, 0x9c, 0x02, 0x00, 0x00,
	0x00, 0x00, 0x20, 0x80, 0xaa, 0x72, 0x00, 0x80, 0x1c, 0x03, 0x00, 0x80, 0x00, 0x00, 0x00, 0x00,
	0x00, 0x00, 0x00, 0x00, 0x00, 0x00, 0x00, 0x00, 0x00, 0x00, 0x00, 0x00, 0x00, 0x00, 0x00, 0x00,
	0xe0, 0xe1, 0x01, 0x43, 0x3a, 0xa1, 0x91, 0xd0, 0x4b, 0x26, 0x00, 0x04, 0x08, 0x08, 0xc0, 0x80,
	0x1b, 0x76, 0x00, 0x84, 0x0b, 0xc8, 0xa3, 0x04, 0x00, 0x0a, 0x40, 0x80, 0x3e, 0x20, 0xa0, 0x33,
	0x20, 0x00, 0x80, 0x02, 0x00, 0x01, 0x0d, 0x82, 0xca, 0x85, 0x83, 0x40, 0x10, 0x08, 0x41, 0x80,
	0xca, 0x8b, 0x87, 0x40, 0x10, 0x08, 0x41, 0x80, 0xca, 0x88, 0xc3, 0x40, 0x10, 0x08, 0x41, 0x80,
	0xca, 0x87, 0xc7, 0x40, 0x10, 0x0a, 0x41, 0x80, 0xca, 0x89, 0x23, 0x40, 0x00, 0x00, 0x32, 0x00,
	0x38, 0x00, 0x40, 0x80, 0xdc, 0x01, 0x01, 0x80, 0x9c, 0x02, 0x00, 0x00, 0x00, 0x00, 0x20, 0x80,
	0xaa, 0x72, 0x00, 0x80, 0x1c, 0x03, 0x00, 0x80, 0x00, 0x00, 0x00, 0x00, 0x00, 0x00, 0x00, 0x00,
	0x00, 0x00, 0x00, 0x00, 0x00, 0x00, 0x00, 0x00, 0x00, 0x00, 0x00, 0x00, 0x00, 0x00, 0x00, 0x00,
	0xe0, 0xe1, 0x01, 0x43, 0x3a, 0xa1, 0x91, 0xd0, 0x09, 0x46, 0x00, 0x04, 0x00, 0x08, 0xc0, 0x80,
	0x19, 0x56, 0xe0, 0x04, 0x00, 0x0a, 0x40, 0x80, 0xbe, 0x21, 0xa0, 0x33, 0x20, 0x00, 0x40, 0x02,
	0x00, 0x01, 0x0d, 0x82, 0xca, 0x85, 0x83, 0x40, 0x10, 0x08, 0x41, 0x80, 0xca, 0x8b, 0x87, 0x40,
	0x10, 0x08, 0x41, 0x80, 0xca, 0x88, 0xc3, 0x40, 0x10, 0x08, 0x41, 0x80, 0xca, 0x87, 0xc7, 0x40,
	0x10, 0x0a, 0x41, 0x80, 0xca, 0x89, 0x23, 0x40, 0x00, 0x00, 0x32, 0x00, 0x38, 0x00, 0x40, 0x80,
	0xdc, 0x01, 0x01, 0x80, 0x9c, 0x02, 0x00, 0x00, 0x00, 0x00, 0x20, 0x80, 0xaa, 0x72, 0x00, 0x80,
	0x1c, 0x03, 0x00, 0x80, 0x00, 0x00, 0x00, 0x00, 0x00, 0x00, 0x00, 0x00, 0x00, 0x00, 0x00, 0x00,
	0x00, 0x00, 0x00, 0x00, 0x00, 0x00, 0x00, 0x00, 0x00, 0x00, 0x00, 0x00, 0x00, 0x00, 0x00, 0x00,
	0xe0, 0xe1, 0x01, 0x43, 0x3a, 0xa1, 0x91, 0xd0, 0x4b, 0x26, 0x00, 0x04, 0x08, 0x08, 0xc0, 0x80,
	0x1b, 0x76, 0x00, 0x84, 0x0b, 0xc8, 0xa3, 0x04, 0x00, 0x0a, 0x40, 0x80, 0x3e, 0x20, 0xa0, 0x33,
	0x20, 0x00, 0x80, 0x02, 0x00, 0x01, 0x0d, 0x82, 0x90, 0x6f, 0xb2, 0x1a, 0x08, 0x28, 0x91, 0x95,
	0xb0, 0x6e, 0xb0, 0x70, 0x08, 0x08, 0x90, 0x95, 0x90, 0xef, 0xbe, 0x1a, 0x08, 0x28, 0x91, 0x95,
	0xb0, 0xee, 0xb8, 0x50, 0x88, 0x28, 0x90, 0x95, 0x78, 0xba, 0x00, 0x5d, 0x69, 0x08, 0xb2, 0x0f,
	0x40, 0x83, 0x09, 0x1a, 0x50, 0x02, 0x00, 0x80, 0x90, 0x6f, 0xb6, 0x1a, 0x48, 0x28, 0x91, 0x95,
	0xb0, 0x6e, 0xb0, 0x50, 0x88, 0x08, 0x90, 0x95, 0x90, 0xef, 0xba, 0x1a, 0x48, 0x28, 0x91, 0x95,
	0xb0, 0xee, 0xbc, 0x70, 0x08, 0x28, 0x90, 0x95, 0x78, 0xb3, 0x84, 0x5d, 0x69, 0x08, 0xb2, 0x0f,
	0x40, 0x83, 0x09, 0x1a, 0x50, 0x02, 0x00, 0x80, 0xdc, 0x01, 0x01, 0x80, 0x6a, 0x6e, 0x12, 0x80,
	0x1c, 0x03, 0x00, 0x80, 0x00, 0x00, 0x00, 0x00, 0x00, 0x00, 0x00, 0x00, 0x00, 0x00, 0x00, 0x00,
	0xe0, 0xe1, 0x01, 0x43, 0x3a, 0xa1, 0x91, 0xd0, 0x09, 0x46, 0x00, 0x04, 0x00, 0x08, 0xc0, 0x80,
	0x19, 0x56, 0xe0, 0x04, 0x00, 0x0a, 0x40, 0x80, 0xbe, 0x21, 0xa0, 0x33, 0x20, 0x00, 0x40, 0x02,
	0x00, 0x01, 0x0d, 0x82, 0x90, 0x6f, 0xb2, 0x1a, 0x08, 0x28, 0x91, 0x95, 0xb0, 0x6e, 0xb0, 0x70,
	0x08, 0x08, 0x90, 0x95, 0x90, 0xef, 0xbe, 0x1a, 0x08, 0x28, 0x91, 0x95, 0xb0, 0xee, 0xb8, 0x50,
	0x88, 0x28, 0x90, 0x95, 0x78, 0xba, 0x00, 0x5d, 0x69, 0x08, 0xb2, 0x0f, 0x40, 0x83, 0x09, 0x1a,
	0x50, 0x02, 0x00, 0x80, 0x90, 0x6f, 0xb6, 0x1a, 0x48, 0x28, 0x91, 0x95, 0xb0, 0x6e, 0xb0, 0x50,
	0x88, 0x08, 0x90, 0x95, 0x90, 0xef, 0xba, 0x1a, 0x48, 0x28, 0x91, 0x95, 0xb0, 0xee, 0xbc, 0x70,
	0x08, 0x28, 0x90, 0x95, 0x78, 0xb3, 0x84, 0x5d, 0x69, 0x08, 0xb2, 0x0f, 0x40, 0x83, 0x09, 0x1a,
	0x50, 0x02, 0x00, 0x80, 0xdc, 0x01, 0x01, 0x80, 0x6a, 0x6e, 0x12, 0x80, 0x1c, 0x03, 0x00, 0x80,
	0x00, 0x00, 0x00, 0x00, 0x00, 0x00, 0x00, 0x00, 0x00, 0x00, 0x00, 0x00, 0x00, 0x00, 0x00, 0x00,
	0xe0, 0xe1, 0x01, 0x43, 0x3a, 0xa1, 0x91, 0xd0, 0x4b, 0x26, 0x00, 0x04, 0x08, 0x08, 0xc0, 0x80,
	0x1b, 0x76, 0x00, 0x84, 0x0b, 0xc8, 0xa3, 0x04, 0x00, 0x0a, 0x40, 0x80, 0x3e, 0x20, 0xa0, 0x13,
	0x20, 0x00, 0x80, 0x02, 0x00, 0x01, 0x0d, 0x82, 0x80, 0x6c, 0xb0, 0x10, 0x08, 0x00, 0x90, 0x95,
	0x80, 0xec, 0xb8, 0x10, 0x08, 0x20, 0x90, 0x95, 0xdc, 0x01, 0x01, 0x80, 0x6a, 0x6e, 0x12, 0x80,
	0x1c, 0x03, 0x00, 0x80, 0x00, 0x00, 0x00, 0x00, 0x00, 0x00, 0x00, 0x00, 0x00, 0x00, 0x00, 0x00,
	0x00, 0x00, 0x00, 0x00, 0x00, 0x00, 0x00, 0x00, 0x00, 0x00, 0x00, 0x00, 0x00, 0x00, 0x00, 0x00,
	0xe0, 0xe1, 0x01, 0x43, 0x3a, 0xa1, 0x91, 0xd0, 0x09, 0x46, 0x00, 0x04, 0x00, 0x08, 0xc0, 0x80,
	0x19, 0x56, 0xe0, 0x04, 0x00, 0x0a, 0x40, 0x80, 0xbe, 0x21, 0xa0, 0x13, 0x20, 0x00, 0x40, 0x02,
	0x00, 0x01, 0x0d, 0x82, 0x80, 0x6c, 0xb0, 0x10, 0x08, 0x00, 0x90, 0x95, 0x80, 0xec, 0xb8, 0x10,
	0x08, 0x20, 0x90, 0x95, 0xdc, 0x01, 0x01, 0x80, 0x6a, 0x6e, 0x12, 0x80, 0x1c, 0x03, 0x00, 0x80,
	0xe0, 0xe1, 0x01, 0x43, 0x3a, 0xa1, 0x91, 0xd0, 0x4b, 0x26, 0x00, 0x04, 0x08, 0x08, 0xc0, 0x80,
	0x1b, 0x76, 0x00, 0x84, 0x0b, 0xc8, 0xa3, 0x04, 0x00, 0x0a, 0x40, 0x80, 0x3e, 0x20, 0xa0, 0x33,
	0x20, 0x00, 0x80, 0x02, 0x00, 0x01, 0x0d, 0x82, 0x80, 0x6c, 0xb0, 0x10, 0x08, 0x00, 0x90, 0x95,
	0x80, 0xec, 0xb8, 0x10, 0x08, 0x20, 0x90, 0x95, 0x80, 0x6c, 0xb0, 0x10, 0x48, 0x02, 0x90, 0x95,
	0x80, 0xec, 0xbc, 0x10, 0x48, 0x22, 0x90, 0x95, 0xdc, 0x01, 0x01, 0x80, 0x2a, 0x46, 0x12, 0x80,
	0x6a, 0xea, 0x17, 0x80, 0x1c, 0x03, 0x00, 0x80, 0x00, 0x00, 0x00, 0x00, 0x00, 0x00, 0x00, 0x00,
	0xe0, 0xe1, 0x01, 0x43, 0x3a, 0xa1, 0x91, 0xd0, 0x09, 0x46, 0x00, 0x04, 0x00, 0x08, 0xc0, 0x80,
	0x19, 0x56, 0xe0, 0x04, 0x00, 0x0a, 0x40, 0x80, 0xbe, 0x21, 0xa0, 0x33, 0x20, 0x00, 0x40, 0x02,
	0x00, 0x01, 0x0d, 0x82, 0x80, 0x6c, 0xb0, 0x10, 0x08, 0x00, 0x90, 0x95, 0x80, 0xec, 0xb8, 0x10,
	0x08, 0x20, 0x90, 0x95, 0x80, 0x6c, 0xb0, 0x10, 0x48, 0x02, 0x90, 0x95, 0x80, 0xec, 0xbc, 0x10,
	0x48, 0x22, 0x90, 0x95, 0xdc, 0x01, 0x01, 0x80, 0x2a, 0x46, 0x12, 0x80, 0x6a, 0xea, 0x17, 0x80,
	0x1c, 0x03, 0x00, 0x80, 0x00, 0x00, 0x00, 0x00, 0x00, 0x00, 0x00, 0x00, 0x00, 0x00, 0x00, 0x00,
	0xe0, 0xe1, 0x01, 0x43, 0x3a, 0xa1, 0x91, 0xd0, 0x4b, 0x26, 0x00, 0x04, 0x08, 0x08, 0xc0, 0x80,
	0x1b, 0x76, 0x00, 0x84, 0x0b, 0xc8, 0xa3, 0x04, 0x00, 0x0a, 0x40, 0x80, 0x3e, 0x20, 0xa0, 0x33,
	0x20, 0x00, 0x80, 0x02, 0x00, 0x01, 0x0d, 0x82, 0x10, 0x6f, 0xb2, 0x02, 0x08, 0x28, 0x90, 0x95,
	0x70, 0x6e, 0xb2, 0x60, 0x08, 0x08, 0x90, 0x95, 0x10, 0xef, 0xbe, 0x02, 0x08, 0x28, 0x90, 0x95,
	0x70, 0xee, 0xba, 0x40, 0x88, 0x08, 0x90, 0x95, 0x00, 0x6d, 0xb2, 0x02, 0x48, 0x20, 0x90, 0x95,
	0x40, 0x6c, 0xba, 0x20, 0x08, 0x00, 0x90, 0x95, 0x00, 0xed, 0xb6, 0x02, 0x48, 0x20, 0x90, 0x95,
	0x40, 0x6c, 0xb2, 0x00, 0x88, 0x22, 0x90, 0x95, 0x78, 0x92, 0x13, 0x00, 0xa0, 0x09, 0xb6, 0xa5,
	0x78, 0xa2, 0x02, 0x20, 0x58, 0x08, 0xf4, 0x2d, 0x41, 0x96, 0x20, 0x9a, 0x78, 0xa3, 0x13, 0x20,
	0x5c, 0x09, 0xf4, 0x2d, 0x40, 0x86, 0x20, 0x9a, 0x78, 0x1f, 0x80, 0x69, 0x11, 0x00, 0xb2, 0xa5,
	0x78, 0xb0, 0xe4, 0x5d, 0x61, 0x08, 0xb4, 0x15, 0x40, 0xc2, 0x0a, 0x9b, 0xdc, 0x01, 0x01, 0x80,
	0x6a, 0x6e, 0x00, 0x80, 0x1c, 0x03, 0x00, 0x80, 0x00, 0x00, 0x00, 0x00, 0x00, 0x00, 0x00, 0x00,
	0x00, 0x00, 0x00, 0x00, 0x00, 0x00, 0x00, 0x00, 0x00, 0x00, 0x00, 0x00, 0x00, 0x00, 0x00, 0x00,
	0xe0, 0xe1, 0x01, 0x43, 0x3a, 0xa1, 0x91, 0xd0, 0x09, 0x46, 0x00, 0x04, 0x00, 0x08, 0xc0, 0x80,
	0x19, 0x56, 0xe0, 0x04, 0x00, 0x0a, 0x40, 0x80, 0xbe, 0x21, 0xa0, 0x33, 0x20, 0x00, 0x40, 0x02,
	0x00, 0x01, 0x0d, 0x82, 0x50, 0x6f, 0xb2, 0x02, 0x08, 0x28, 0x90, 0x95, 0x30, 0x6e, 0xb3, 0x60,
	0x08, 0x08, 0x90, 0x95, 0x50, 0xef, 0xbe, 0x02, 0x08, 0x28, 0x90, 0x95, 0x30, 0xee, 0xbb, 0x40,
	0x88, 0x08, 0x90, 0x95, 0x40, 0x6d, 0xb2, 0x02, 0x48, 0x20, 0x90, 0x95, 0x00, 0x6c, 0xbb, 0x20,
	0x08, 0x00, 0x90, 0x95, 0x40, 0xed, 0xb6, 0x02, 0x48, 0x20, 0x90, 0x95, 0x00, 0x6c, 0xb3, 0x00,
	0x88, 0x22, 0x90, 0x95, 0x78, 0x92, 0x13, 0x00, 0xa0, 0x09, 0xb6, 0xa5, 0x78, 0xa2, 0x02, 0x20,
	0x58, 0x08, 0xf4, 0x2d, 0x41, 0x96, 0x20, 0x9a, 0x78, 0xa3, 0x13, 0x20, 0x5c, 0x09, 0xf4, 0x2d,
	0x40, 0x86, 0x20, 0x9a, 0x78, 0x1f, 0x80, 0x69, 0x11, 0x00, 0xb2, 0xa5, 0x78, 0xb0, 0xe4, 0x5d,
	0x61, 0x08, 0xb4, 0x15, 0x40, 0xc2, 0x0a, 0x9b, 0xdc, 0x01, 0x01, 0x80, 0x6a, 0x6e, 0x00, 0x80,
	0x1c, 0x03, 0x00, 0x80, 0x00, 0x00, 0x00, 0x00, 0x00, 0x00, 0x00, 0x00, 0x00, 0x00, 0x00, 0x00,
	0x00, 0x00, 0x00, 0x00, 0x00, 0x00, 0x00, 0x00, 0x00, 0x00, 0x00, 0x00, 0x00, 0x00, 0x00, 0x00,
	0xe0, 0xe1, 0x01, 0x43, 0x3a, 0xa1, 0x91, 0xd0, 0x4b, 0x26, 0x00, 0x04, 0x08, 0x08, 0xc0, 0x80,
	0x1b, 0x76, 0x00, 0x84, 0x0b, 0xc8, 0xa3, 0x04, 0x00, 0x0a, 0x40, 0x80, 0x3e, 0x20, 0xa0, 0x33,
	0x20, 0x00, 0x80, 0x02, 0x00, 0x01, 0x0d, 0x82, 0x10, 0x6f, 0xb2, 0x02, 0x08, 0x28, 0x90, 0x95,
	0x70, 0x6e, 0xb2, 0x60, 0x08, 0x08, 0x90, 0x95, 0x10, 0xef, 0xbe, 0x02, 0x08, 0x28, 0x90, 0x95,
	0x70, 0xee, 0xba, 0x40, 0x88, 0x28, 0x90, 0x95, 0x78, 0xba, 0x00, 0x5d, 0x69, 0x08, 0xb2, 0x0f,
	0x40, 0x83, 0x09, 0x1a, 0x50, 0x02, 0x00, 0x80, 0x10, 0x6f, 0xb6, 0x02, 0x48, 0x28, 0x90, 0x95,
	0x70, 0x6e, 0xb2, 0x40, 0x88, 0x08, 0x90, 0x95, 0x10, 0xef, 0xba, 0x02, 0x48, 0x28, 0x90, 0x95,
	0x70, 0xee, 0xbe, 0x60, 0x08, 0x28, 0x90, 0x95, 0x78, 0xb3, 0x84, 0x5d, 0x69, 0x08, 0xb2, 0x0f,
	0x40, 0x83, 0x09, 0x1a, 0x50, 0x02, 0x00, 0x80, 0xdc, 0x01, 0x01, 0x80, 0x6a, 0x6e, 0x12, 0x80,
	0x1c, 0x03, 0x00, 0x80, 0x00, 0x00, 0x00, 0x00, 0x00, 0x00, 0x00, 0x00, 0x00, 0x00, 0x00, 0x00,
	0xe0, 0xe1, 0x01, 0x43, 0x3a, 0xa1, 0x91, 0xd0, 0x09, 0x46, 0x00, 0x04, 0x00, 0x08, 0xc0, 0x80,
	0x19, 0x56, 0xe0, 0x04, 0x00, 0x0a, 0x40, 0x80, 0xbe, 0x21, 0xa0, 0x33, 0x20, 0x00, 0x40, 0x02,
	0x00, 0x01, 0x0d, 0x82, 0x50, 0x6f, 0xb2, 0x02, 0x08, 0x28, 0x90, 0x95, 0x30, 0x6e, 0xb3, 0x60,
	0x08, 0x08, 0x90, 0x95, 0x50, 0xef, 0xbe, 0x02, 0x08, 0x28, 0x90, 0x95, 0x30, 0xee, 0xbb, 0x40,
	0x88, 0x28, 0x90, 0x95, 0x78, 0xba, 0x00, 0x5d, 0x69, 0x08, 0xb2, 0x0f, 0x40, 0x83, 0x09, 0x1a,
	0x50, 0x02, 0x00, 0x80, 0x50, 0x6f, 0xb6, 0x02, 0x48, 0x28, 0x90, 0x95, 0x30, 0x6e, 0xb3, 0x40,
	0x88, 0x08, 0x90, 0x95, 0x50, 0xef, 0xba, 0x02, 0x48, 0x28, 0x90, 0x95, 0x30, 0xee, 0xbf, 0x60,
	0x08, 0x28, 0x90, 0x95, 0x78, 0xb3, 0x84, 0x5d, 0x69, 0x08, 0xb2, 0x0f, 0x40, 0x83, 0x09, 0x1a,
	0x50, 0x02, 0x00, 0x80, 0xdc, 0x01, 0x01, 0x80, 0x6a, 0x6e, 0x12, 0x80, 0x1c, 0x03, 0x00, 0x80,
	0x00, 0x00, 0x00, 0x00, 0x00, 0x00, 0x00, 0x00, 0x00, 0x00, 0x00, 0x00, 0x00, 0x00, 0x00, 0x00,
	0xe0, 0xe1, 0x01, 0x43, 0x3a, 0xa1, 0x91, 0xd0, 0x6b, 0x27, 0x1c, 0x04, 0x08, 0x08, 0xc0, 0x80,
	0x3b, 0x77, 0x1c, 0x84, 0x0b, 0x8e, 0x02, 0x04, 0x18, 0x08, 0x40, 0x82, 0x1b, 0xce, 0x82, 0x04,
	0x18, 0x0a, 0x40, 0x82, 0x3e, 0x00, 0xa2, 0x17, 0x00, 0x00, 0x40, 0x42, 0x00, 0x01, 0x0d, 0x83,
	0xad, 0x9f, 0x0c, 0x14, 0x0c, 0x08, 0x40, 0x80, 0xbd, 0x9f, 0x4c, 0x14, 0x0c, 0x08, 0x40, 0x80,
	0x0b, 0x8e, 0x03, 0x04, 0x18, 0x08, 0x40, 0x82, 0x1b, 0xce, 0x83, 0x04, 0x18, 0x08, 0x40, 0x82,
	0x3e, 0xb0, 0x81, 0x03, 0x20, 0x00, 0x40, 0x42, 0x10, 0x01, 0x0d, 0x83, 0xed, 0x07, 0x04, 0x04,
	0x48, 0x08, 0x40, 0x80, 0xfd, 0x07, 0x14, 0x04, 0x48, 0x08, 0x40, 0x80, 0xdd, 0x06, 0x08, 0x05,
	0x48, 0x08, 0x40, 0x00, 0x10, 0x04, 0x00, 0x80, 0x29, 0x17, 0x04, 0x04, 0x18, 0x08, 0x40, 0x80,
	0x39, 0x57, 0x14, 0x04, 0x18, 0x08, 0x40, 0x80, 0x09, 0x56, 0x08, 0x86, 0x49, 0x16, 0x41, 0x04,
	0x18, 0x08, 0x00, 0x00, 0x00, 0x06, 0x00, 0x80, 0x69, 0x57, 0x14, 0x04, 0x1c, 0x08, 0x40, 0x80,
	0x79, 0x17, 0x4c, 0x84, 0x03, 0x26, 0x30, 0x84, 0x03, 0x26, 0x08, 0x04, 0x18, 0x08, 0x40, 0x00,
	0x00, 0x05, 0x00, 0x80, 0x17, 0x88, 0x02, 0x0a, 0x08, 0x08, 0x40, 0x00, 0x00, 0x85, 0x00, 0x80,
	0x13, 0x66, 0x98, 0x04, 0x18, 0x0a, 0x40, 0x80, 0xdc, 0x01, 0x01, 0x80, 0xea, 0x61, 0x53, 0x80,
	0x1c, 0x03, 0x00, 0x80, 0x00, 0x00, 0x00, 0x00, 0x00, 0x00, 0x00, 0x00, 0x00, 0x00, 0x00, 0x00,
	0xe0, 0xe1, 0x01, 0x43, 0x3a, 0xa1, 0xb1, 0xd0, 0x09, 0x46, 0x01, 0x04, 0x40, 0x08, 0xc0, 0x80,
	0x70, 0x22, 0x16, 0x00, 0x08, 0x60, 0x84, 0x81, 0x19, 0x56, 0xe1, 0x04, 0x40, 0x08, 0x40, 0x80,
	0x1c, 0x4c, 0x02, 0x00, 0x00, 0x84, 0x00, 0x80, 0xbe, 0x21, 0x83, 0x13, 0x00, 0x00, 0x40, 0x02,
	0x00, 0x01, 0x0d, 0x82, 0xbe, 0xa1, 0xc1, 0x03, 0x00, 0x80, 0x40, 0x42, 0x00, 0x01, 0x8d, 0x83,
	0x1c, 0x20, 0x02, 0x80, 0x70, 0xe3, 0x12, 0x02, 0x28, 0x61, 0xc4, 0x81, 0xbe, 0x31, 0x83, 0x13,
	0x00, 0x00, 0x40, 0x12, 0x00, 0x01, 0x0d, 0x82, 0xbe, 0xa1, 0xc4, 0x03, 0x00, 0x80, 0x40, 0x52,
	0x00, 0x01, 0x8d, 0x83, 0x1c, 0xc0, 0x01, 0x80, 0x70, 0xe3, 0x12, 0x02, 0x08, 0x60, 0xc4, 0x81,
	0x1c, 0x24, 0xff, 0x7f, 0xff, 0x9f, 0x00, 0x80, 0xbe, 0x21, 0xc3, 0x13, 0x00, 0x00, 0x40, 0x42,
	0x00, 0x01, 0x8d, 0x83, 0xbe, 0xa1, 0x84, 0x03, 0x00, 0x80, 0x40, 0x02, 0x00, 0x01, 0x0d, 0x82,
	0xca, 0x8c, 0x43, 0x40, 0x00, 0x00, 0x02, 0x02, 0x38, 0x00, 0x40, 0x80, 0x78, 0x32, 0x91, 0x20,
	0x94, 0x18, 0x96, 0xa5, 0x10, 0x33, 0x10, 0x35, 0x0a, 0x0c, 0x10, 0x81, 0x78, 0x36, 0x91, 0x00,
	0x90, 0x1c, 0x96, 0x25, 0x78, 0x82, 0x00, 0x9a, 0x78, 0x92, 0x84, 0x69, 0x21, 0x40, 0xb2, 0x25,
	0xc0, 0x82, 0x00, 0x9a, 0x78, 0x33, 0x93, 0x69, 0x19, 0x41, 0xb2, 0x25, 0x00, 0x82, 0x00, 0x9a,
	0x78, 0x37, 0x82, 0x69, 0x19, 0x40, 0xb2, 0xa5, 0x78, 0x96, 0x91, 0x69, 0x21, 0x41, 0xb2, 0x25,
	0x00, 0x82, 0x00, 0x9a, 0x0b, 0xc8, 0x02, 0x04, 0x18, 0x08, 0xc0, 0x08, 0x00, 0x00, 0x00, 0x80,
	0x1b, 0x88, 0x82, 0x04, 0x18, 0x08, 0x40, 0x09, 0x00, 0x00, 0x00, 0x80, 0xdc, 0x01, 0x01, 0x80,
	0x6a, 0x6e, 0x12, 0x80, 0x1c, 0x03, 0x00, 0x80, 0x00, 0x00, 0x00, 0x00, 0x00, 0x00, 0x00, 0x00,
	0x00, 0x00, 0x00, 0x00, 0x00, 0x00, 0x00, 0x00, 0x00, 0x00, 0x00, 0x00, 0x00, 0x00, 0x00, 0x00,
	0xe0, 0xe1, 0x09, 0x43, 0x3a, 0xa3, 0x91, 0xd0, 0x4b, 0x76, 0x20, 0x04, 0x08, 0x08, 0xc0, 0x80,
	0x70, 0x22, 0x14, 0x00, 0x08, 0x60, 0x84, 0x81, 0x1b, 0x26, 0x90, 0x86, 0x1c, 0x6c, 0x02, 0x00,
	0x00, 0x84, 0x00, 0x80, 0x0b, 0xc8, 0x83, 0x06, 0x00, 0x08, 0x40, 0x80, 0x3e, 0x30, 0xc2, 0x13,
	0x01, 0x00, 0x80, 0x02, 0x00, 0x01, 0x0d, 0x82, 0x3e, 0xa0, 0x80, 0x07, 0x01, 0x80, 0x80, 0x42,
	0x00, 0x01, 0x8d, 0x83, 0x1c, 0x80, 0x02, 0x80, 0x70, 0xe3, 0x10, 0x02, 0x28, 0x61, 0xc4, 0x81,
	0x3e, 0x30, 0x83, 0x17, 0x05, 0x00, 0x40, 0x52, 0x00, 0x01, 0x8d, 0x83, 0x0b, 0xc8, 0x83, 0x06,
	0x00, 0x0a, 0xc0, 0x88, 0x3e, 0xa0, 0xe0, 0x03, 0x01, 0x80, 0x80, 0x12, 0x00, 0x01, 0x0d, 0x82,
	0x1c, 0xa0, 0x01, 0x80, 0x70, 0xe3, 0x10, 0x02, 0x08, 0x60, 0xc4, 0x81, 0x1c, 0x44, 0xff, 0x7f,
	0xff, 0x9f, 0x00, 0x80, 0x3e, 0x20, 0xc3, 0x13, 0x05, 0x00, 0x40, 0x02, 0x00, 0x01, 0x0d, 0x82,
	0x0b, 0xc8, 0x83, 0x06, 0x00, 0x08, 0x40, 0x80, 0x3e, 0xb0, 0x80, 0x07, 0x01, 0x80, 0x80, 0x42,
	0x00, 0x01, 0x8d, 0x83, 0xca, 0x8a, 0x27, 0x40, 0x00, 0x00, 0x02, 0x02, 0x38, 0x00, 0x40, 0x80,
	0x78, 0x32, 0x91, 0x20, 0x94, 0x08, 0x96, 0xa5, 0x10, 0xb3, 0x10, 0x35, 0x4a, 0x08, 0x10, 0x83,
	0x78, 0x36, 0x91, 0x00, 0x90, 0x0c, 0x96, 0x25, 0x78, 0x82, 0x00, 0x9a, 0x78, 0x92, 0x84, 0x69,
	0x21, 0x40, 0xb2, 0x25, 0xc0, 0x82, 0x00, 0x9a, 0x78, 0x33, 0x93, 0x6b, 0x09, 0x41, 0xb2, 0x25,
	0x00, 0x82, 0x00, 0x9a, 0x78, 0x37, 0x82, 0x6b, 0x09, 0x40, 0xb2, 0xa5, 0x78, 0x96, 0x91, 0x69,
	0x21, 0x41, 0xb2, 0x25, 0x00, 0x82, 0x00, 0x9a, 0x0b, 0xc8, 0x02, 0x04, 0x18, 0x08, 0xc0, 0x08,
	0x00, 0x00, 0x00, 0x80, 0x1b, 0x88, 0x82, 0x04, 0x18, 0x08, 0x40, 0x09, 0x00, 0x00, 0x00, 0x80,
	0xdc, 0x01, 0x01, 0x80, 0x6a, 0x6e, 0x12, 0x80, 0x1c, 0x03, 0x00, 0x80, 0x00, 0x00, 0x00, 0x00,
	0xe0, 0xe1, 0x01, 0x43, 0x3a, 0xa1, 0x91, 0xd0, 0x5b, 0x36, 0x01, 0x04, 0x08, 0x08, 0xc0, 0x80,
	0x70, 0x22, 0x14, 0x00, 0x08, 0x60, 0x84, 0x81, 0x0b, 0x66, 0x90, 0x85, 0x1c, 0x6c, 0x03, 0x00,
	0x00, 0x84, 0x00, 0x80, 0x78, 0xb3, 0x8a, 0x69, 0x2d, 0x00, 0x92, 0x25, 0x42, 0x82, 0x00, 0x9a,
	0x3e, 0x30, 0x43, 0x14, 0x04, 0x0c, 0x40, 0x02, 0x00, 0x01, 0x0d, 0x92, 0x3e, 0xa0, 0x01, 0x00,
	0x04, 0x8c, 0x40, 0x42, 0x00, 0x01, 0x8d, 0x93, 0x1c, 0xc0, 0x02, 0x80, 0x70, 0xe3, 0x10, 0x02,
	0x28, 0x61, 0xc4, 0x81, 0x1b, 0x88, 0xa2, 0x05, 0x08, 0x0a, 0xc0, 0x88, 0x3e, 0x20, 0x63, 0x14,
	0x04, 0x0c, 0x40, 0x12, 0x00, 0x01, 0x0d, 0x92, 0x3e, 0xa0, 0x00, 0x00, 0x00, 0x8c, 0x40, 0x52,
	0x00, 0x01, 0x8d, 0x93, 0x1c, 0xe0, 0x01, 0x80, 0x70, 0xe3, 0x10, 0x02, 0x08, 0x40, 0xc4, 0x81,
	0x78, 0xf2, 0x82, 0x69, 0x2d, 0x00, 0x92, 0x25, 0x42, 0x82, 0x00, 0x9a, 0x1c, 0x04, 0xfe, 0x7f,
	0xff, 0x9f, 0x00, 0x80, 0x3e, 0x20, 0x42, 0x14, 0x00, 0x0c, 0x40, 0x02, 0x00, 0x01, 0x0d, 0x92,
	0x1b, 0x88, 0xa2, 0x85, 0x3e, 0xb0, 0x01, 0x00, 0x04, 0x8c, 0x40, 0x42, 0x00, 0x01, 0x8d, 0x93,
	0xca, 0x8a, 0x03, 0x40, 0x00, 0x00, 0x02, 0x02, 0x38, 0x00, 0x40, 0x80, 0x78, 0x32, 0x91, 0x20,
	0x94, 0x08, 0x96, 0xa5, 0x10, 0x33, 0x10, 0x35, 0x6a, 0x0c, 0x10, 0xa3, 0x78, 0x36, 0x91, 0x00,
	0x90, 0x0c, 0x96, 0x25, 0xf8, 0x82, 0x00, 0x9a, 0x78, 0x92, 0x84, 0x69, 0x21, 0x40, 0xb2, 0xa5,
	0x78, 0x33, 0x93, 0x6b, 0x09, 0x41, 0xb2, 0x25, 0x00, 0x82, 0x00, 0x9a, 0x78, 0x37, 0x82, 0x6b,
	0x09, 0x40, 0xb2, 0xa5, 0x78, 0x96, 0x91, 0x69, 0x21, 0x41, 0xb2, 0x25, 0x00, 0x82, 0x00, 0x9a,
	0x0b, 0xc8, 0x02, 0x04, 0x18, 0x08, 0xc0, 0x08, 0x00, 0x00, 0x00, 0x80, 0x1b, 0x88, 0x82, 0x04,
	0x18, 0x08, 0x40, 0x09, 0x00, 0x00, 0x00, 0x80, 0xdc, 0x01, 0x01, 0x80, 0x6a, 0x6e, 0x12, 0x80,
	0x1c, 0x03, 0x00, 0x80, 0x00, 0x00, 0x00, 0x00, 0x00, 0x00, 0x00, 0x00, 0x00, 0x00, 0x00, 0x00,
	0x00, 0x00, 0x00, 0x00, 0x00, 0x00, 0x00, 0x00, 0x00, 0x00, 0x00, 0x00, 0x00, 0x00, 0x00, 0x00,
	0xe0, 0xe1, 0x01, 0x43, 0x3a, 0xa3, 0x91, 0xd0, 0x09, 0x46, 0x00, 0x04, 0x01, 0x08, 0xc0, 0x80,
	0x70, 0x22, 0x16, 0x00, 0x08, 0x60, 0x84, 0x81, 0x19, 0x56, 0xe0, 0x04, 0x01, 0x08, 0x40, 0x80,
	0x1c, 0x4c, 0x02, 0x00, 0x00, 0x84, 0x00, 0x80, 0xbe, 0x01, 0x82, 0x17, 0x00, 0x00, 0x40, 0x42,
	0x00, 0x01, 0x8d, 0x83, 0xbe, 0xa1, 0x80, 0x03, 0x00, 0x80, 0x40, 0x02, 0x00, 0x01, 0x0d, 0x82,
	0x1c, 0x20, 0x02, 0x80, 0x70, 0xe3, 0x12, 0x02, 0x28, 0x61, 0xc4, 0x81, 0xbe, 0x31, 0x82, 0x13,
	0x00, 0x00, 0x40, 0x12, 0x00, 0x01, 0x0d, 0x82, 0xbe, 0x81, 0x81, 0x07, 0x00, 0x80, 0x40, 0x52,
	0x00, 0x01, 0x8d, 0x83, 0x1c, 0xc0, 0x01, 0x80, 0x70, 0xe3, 0x12, 0x02, 0x08, 0x60, 0xc4, 0x81,
	0x1c, 0x24, 0xff, 0x7f, 0xff, 0x9f, 0x00, 0x80, 0xbe, 0x01, 0x82, 0x17, 0x00, 0x00, 0x40, 0x42,
	0x00, 0x01, 0x8d, 0x83, 0xbe, 0xa1, 0x81, 0x03, 0x00, 0x80, 0x40, 0x02, 0x00, 0x01, 0x0d, 0x82,
	0x78, 0x32, 0x91, 0x20, 0x94, 0x18, 0x96, 0xa5, 0x00, 0x31, 0x1c, 0x35, 0x0a, 0x24, 0x30, 0x81,
	0xdc, 0x01, 0x01, 0x80, 0xaa, 0x72, 0x13, 0x82, 0x1c, 0x03, 0x00, 0x80, 0x00, 0x00, 0x00, 0x00,
	0x00, 0x00, 0x00, 0x00, 0x00, 0x00, 0x00, 0x00, 0x00, 0x00, 0x00, 0x00, 0x00, 0x00, 0x00, 0x00,
	0xe0, 0xe1, 0x09, 0x43, 0x3a, 0xa3, 0x91, 0xd0, 0x4b, 0x76, 0x20, 0x04, 0x08, 0x08, 0xc0, 0x80,
	0x70, 0x22, 0x14, 0x00, 0x08, 0x60, 0x84, 0x81, 0x1b, 0x26, 0x90, 0x86, 0x1c, 0x6c, 0x02, 0x00,
	0x00, 0x84, 0x00, 0x80, 0x0b, 0xc8, 0x83, 0x06, 0x00, 0x08, 0x40, 0x80, 0x3e, 0x10, 0x82, 0x17,
	0x01, 0x00, 0x80, 0x42, 0x00, 0x01, 0x8d, 0x83, 0x3e, 0xa0, 0xc0, 0x03, 0x01, 0x80, 0x80, 0x02,
	0x00, 0x01, 0x0d, 0x82, 0x1c, 0x80, 0x02, 0x80, 0x70, 0xe3, 0x10, 0x02, 0x28, 0x61, 0xc4, 0x81,
	0x3e, 0x10, 0x83, 0x17, 0x05, 0x00, 0x40, 0x52, 0x00, 0x01, 0x8d, 0x83, 0x0b, 0xc8, 0x83, 0x06,
	0x00, 0x0a, 0xc0, 0x88, 0x3e, 0xa0, 0xe0, 0x03, 0x01, 0x80, 0x80, 0x12, 0x00, 0x01, 0x0d, 0x82,
	0x1c, 0xa0, 0x01, 0x80, 0x70, 0xe3, 0x10, 0x02, 0x08, 0x60, 0xc4, 0x81, 0x1c, 0x44, 0xff, 0x7f,
	0xff, 0x9f, 0x00, 0x80, 0x3e, 0x20, 0xc3, 0x13, 0x05, 0x00, 0x40, 0x02, 0x00, 0x01, 0x0d, 0x82,
	0x0b, 0xc8, 0x83, 0x06, 0x00, 0x08, 0x40, 0x80, 0x3e, 0x90, 0x80, 0x07, 0x01, 0x80, 0x80, 0x42,
	0x00, 0x01, 0x8d, 0x83, 0x78, 0x32, 0x91, 0x20, 0x94, 0x08, 0x96, 0xa5, 0x00, 0xb1, 0x14, 0x35,
	0x4a, 0x22, 0x30, 0x83, 0xdc, 0x01, 0x01, 0x80, 0xaa, 0x72, 0x13, 0x83, 0x1c, 0x03, 0x00, 0x80,
	0xe0, 0xe1, 0x01, 0x43, 0x3a, 0xa1, 0x91, 0xd0, 0x5b, 0x36, 0x01, 0x04, 0x08, 0x08, 0xc0, 0x80,
	0x70, 0x22, 0x14, 0x00, 0x08, 0x60, 0x84, 0x81, 0x0b, 0x66, 0x90, 0x85, 0x1c, 0x6c, 0x03, 0x00,
	0x00, 0x84, 0x00, 0x80, 0x78, 0xb3, 0x8a, 0x69, 0x2d, 0x00, 0x92, 0x25, 0x42, 0x82, 0x00, 0x9a,
	0x3e, 0x10, 0x03, 0x10, 0x04, 0x0c, 0x40, 0x42, 0x00, 0x01, 0x8d, 0x93, 0x3e, 0xa0, 0x41, 0x04,
	0x04, 0x8c, 0x40, 0x02, 0x00, 0x01, 0x0d, 0x92, 0x1c, 0xc0, 0x02, 0x80, 0x70, 0xe3, 0x10, 0x02,
	0x28, 0x61, 0xc4, 0x81, 0x1b, 0x88, 0xa2, 0x05, 0x08, 0x0a, 0xc0, 0x88, 0x3e, 0x20, 0x63, 0x14,
	0x04, 0x0c, 0x40, 0x12, 0x00, 0x01, 0x0d, 0x92, 0x3e, 0x80, 0x00, 0x00, 0x00, 0x8c, 0x40, 0x52,
	0x00, 0x01, 0x8d, 0x93, 0x1c, 0xe0, 0x01, 0x80, 0x70, 0xe3, 0x10, 0x02, 0x08, 0x40, 0xc4, 0x81,
	0x78, 0xf2, 0x82, 0x69, 0x2d, 0x00, 0x92, 0x25, 0x42, 0x82, 0x00, 0x9a, 0x1c, 0x04, 0xfe, 0x7f,
	0xff, 0x9f, 0x00, 0x80, 0x3e, 0x20, 0x42, 0x14, 0x00, 0x0c, 0x40, 0x02, 0x00, 0x01, 0x0d, 0x92,
	0x1b, 0x88, 0xa2, 0x85, 0x3e, 0x90, 0x01, 0x00, 0x04, 0x8c, 0x40, 0x42, 0x00, 0x01, 0x8d, 0x93,
	0x78, 0x32, 0x91, 0x20, 0x94, 0x08, 0x96, 0xa5, 0x00, 0x31, 0x1c, 0x35, 0x6a, 0x24, 0x10, 0xa3,
	0xdc, 0x01, 0x01, 0x80, 0xaa, 0x72, 0x13, 0x80, 0x1c, 0x03, 0x00, 0x80, 0x00, 0x00, 0x00, 0x00,
	0x00, 0x00, 0x00, 0x00, 0x00, 0x00, 0x00, 0x00, 0x00, 0x00, 0x00, 0x00, 0x00, 0x00, 0x00, 0x00,
	0x01, 0x00, 0x00, 0x00, 0x02, 0x00, 0x00, 0x00, 0x03, 0x00, 0x00, 0x00, 0x04, 0x00, 0x00, 0x00,
	0x05, 0x00, 0x00, 0x00, 0x00, 0x00, 0x00, 0x00, 0x00, 0x00, 0x00, 0x00, 0x00, 0x00, 0x00, 0x00,
	0x01, 0x03, 0x00, 0xf0, 0x0a, 0x00, 0x00, 0xf4, 0x00, 0x00, 0x00, 0x00, 0x00, 0x00, 0x00, 0x00,
	0x01, 0x03, 0x00, 0xf0, 0x09, 0x0b, 0x00, 0xf0, 0x0a, 0x00, 0x00, 0xf4, 0x00, 0x00, 0x00, 0x00,
	0x01, 0x03, 0x00, 0xf0, 0x09, 0x0b, 0x00, 0xf0, 0x11, 0x23, 0x00, 0xf0, 0x0a, 0x00, 0x00, 0xf4,
	0x00, 0x10, 0x00, 0xf4, 0x00, 0x00, 0x00, 0x00, 0x00, 0x00, 0x00, 0x00, 0x00, 0x00, 0x00, 0x00,
	0x01, 0x08, 0x00, 0xf4, 0x00, 0x00, 0x00, 0x00, 0x00, 0x00, 0x00, 0x00, 0x00, 0x00, 0x00, 0x00,
	0x01, 0x10, 0x00, 0xf4, 0x00, 0x00, 0x00, 0x00, 0x00, 0x00, 0x00, 0x00, 0x00, 0x00, 0x00, 0x00,
	0x01, 0x18, 0x00, 0xf4, 0x00, 0x00, 0x00, 0x00, 0x00, 0x00, 0x00, 0x00, 0x00, 0x00, 0x00, 0x00,
	0x01, 0x20, 0x00, 0xf4, 0x00, 0x00, 0x00, 0x00, 0x00, 0x00, 0x00, 0x00, 0x00, 0x00, 0x00, 0x00,
	0x02, 0x00, 0x00, 0xf4, 0x00, 0x00, 0x00, 0x00, 0x00, 0x00, 0x00, 0x00, 0x00, 0x00, 0x00, 0x00,
};
static const u64 mt_tqx_parameter_map[652] = {
	0x0ULL, 0x1ULL, 0x2ULL, 0x3ULL, 0x1ULL, 0x3ULL,
	0x2ULL, 0x4ULL, 0x0ULL, 0x0ULL, 0x1ULL, 0x2ULL,
	0x0ULL, 0x1ULL, 0x2ULL, 0x3ULL, 0x4ULL, 0x1ULL,
	0x2ULL, 0x0ULL, 0x0ULL, 0x1ULL, 0x2ULL, 0x3ULL,
	0x0ULL, 0x1ULL, 0x2ULL, 0x100000000ULL, 0x0ULL, 0x1ULL,
	0x2ULL, 0x100000000ULL, 0x0ULL, 0x1ULL, 0x2ULL, 0x3ULL,
	0x1ULL, 0x3ULL, 0x2ULL, 0x4ULL, 0x0ULL, 0x0ULL,
	0x1ULL, 0x2ULL, 0x3ULL, 0x4ULL, 0x0ULL, 0x1ULL,
	0x2ULL, 0x100000000ULL, 0x0ULL, 0x1ULL, 0x2ULL, 0x3ULL,
	0x4ULL, 0x100000000ULL, 0x0ULL, 0x1ULL, 0x2ULL, 0x3ULL,
	0x1ULL, 0x3ULL, 0x2ULL, 0x4ULL, 0x0ULL, 0x0ULL,
	0x1ULL, 0x2ULL, 0x100000000ULL, 0x2ULL, 0x3ULL, 0x0ULL,
	0x1ULL, 0x4ULL, 0x0ULL, 0x1ULL, 0x2ULL, 0x3ULL,
	0x1ULL, 0x3ULL, 0x2ULL, 0x4ULL, 0x5ULL, 0x0ULL,
	0x140b2f029ULL, 0x1c04860f6ULL, 0x141958000ULL, 0x14196d000ULL, 0x140800000ULL, 0x13e91c020ULL,
	0x13c4fcdacULL, 0x13f560000ULL, 0x140c8e06bULL, 0x142fa0000ULL, 0x0ULL, 0x1ULL,
	0x2ULL, 0x100000000ULL, 0x0ULL, 0x1ULL, 0x2ULL, 0x100000000ULL,
	0x100020000ULL, 0x100030000ULL, 0x0ULL, 0x1ULL, 0x2ULL, 0x100000000ULL,
	0x100020000ULL, 0x100030000ULL, 0x100040000ULL, 0x100050000ULL, 0x100060000ULL, 0x100070000ULL,
	0x13e000000ULL, 0x0ULL, 0x1ULL, 0x2ULL, 0x3ULL, 0x100000000ULL,
	0x0ULL, 0x1ULL, 0x2ULL, 0x3ULL, 0x100000000ULL, 0x0ULL,
	0x1ULL, 0x2ULL, 0x3ULL, 0x100000000ULL, 0x1ULL, 0x3ULL,
	0x2ULL, 0x4ULL, 0x0ULL, 0x100000000ULL, 0x3ULL, 0x5ULL,
	0x4ULL, 0x6ULL, 0x1ULL, 0x0ULL, 0x2ULL, 0x0ULL,
	0x5ULL, 0x6ULL, 0x7ULL, 0x1ULL, 0x2ULL, 0x3ULL,
	0x4ULL, 0x8ULL, 0x9ULL, 0xaULL, 0xbULL, 0x1437f0000ULL,
	0x13effffffULL, 0x143800000ULL, 0xdULL, 0xfULL, 0xeULL, 0x10ULL,
	0x0ULL, 0x1ULL, 0x2ULL, 0x3ULL, 0x4ULL, 0x5ULL,
	0x6ULL, 0x7ULL, 0x8ULL, 0x9ULL, 0xaULL, 0xbULL,
	0xcULL, 0x2ULL, 0x4ULL, 0x3ULL, 0x5ULL, 0x0ULL,
	0x1ULL, 0x6ULL, 0x7ULL, 0x8ULL, 0x9ULL, 0x0ULL,
	0x1ULL, 0x2ULL, 0x3ULL, 0x1ULL, 0x3ULL, 0x2ULL,
	0x4ULL, 0x0ULL, 0x0ULL, 0x1ULL, 0x2ULL, 0x100000000ULL,
	0x0ULL, 0x1ULL, 0x2ULL, 0x3ULL, 0x100000000ULL, 0x0ULL,
	0x1ULL, 0x2ULL, 0x3ULL, 0x100000000ULL, 0x0ULL, 0x1ULL,
	0x2ULL, 0x3ULL, 0x100000000ULL, 0x1ULL, 0x3ULL, 0x2ULL,
	0x4ULL, 0x0ULL, 0x100000000ULL, 0x0ULL, 0x1ULL, 0x2ULL,
	0x3ULL, 0x1ULL, 0x3ULL, 0x2ULL, 0x4ULL, 0x0ULL,
	0x0ULL, 0x1ULL, 0x2ULL, 0x3ULL, 0x100000000ULL, 0x0ULL,
	0x1ULL, 0x2ULL, 0x3ULL, 0x100000000ULL, 0x0ULL, 0x1ULL,
	0x2ULL, 0x3ULL, 0x100000000ULL, 0x1ULL, 0x3ULL, 0x2ULL,
	0x4ULL, 0x0ULL, 0x100000000ULL, 0x0ULL, 0x1ULL, 0x2ULL,
	0x3ULL, 0x1ULL, 0x3ULL, 0x2ULL, 0x4ULL, 0x5ULL,
	0x0ULL, 0x140b2f029ULL, 0x1c04860f6ULL, 0x141958000ULL, 0x14196d000ULL, 0x140800000ULL,
	0x13e91c020ULL, 0x13c4fcdacULL, 0x13f560000ULL, 0x140c8e06bULL, 0x142fa0000ULL, 0x0ULL,
	0x1ULL, 0x2ULL, 0x3ULL, 0x100000000ULL, 0x0ULL, 0x1ULL,
	0x2ULL, 0x3ULL, 0x100000000ULL, 0x0ULL, 0x1ULL, 0x2ULL,
	0x3ULL, 0x100000000ULL, 0x1ULL, 0x3ULL, 0x2ULL, 0x4ULL,
	0x0ULL, 0x100000000ULL, 0x0ULL, 0x1ULL, 0x2ULL, 0x3ULL,
	0x4ULL, 0x5ULL, 0x6ULL, 0x7ULL, 0x8ULL, 0x9ULL,
	0x0ULL, 0x1ULL, 0x2ULL, 0x3ULL, 0x1ULL, 0x3ULL,
	0x2ULL, 0x4ULL, 0x0ULL, 0x0ULL, 0x1ULL, 0x2ULL,
	0x100000000ULL, 0x0ULL, 0x1ULL, 0x2ULL, 0x3ULL, 0x100000000ULL,
	0x0ULL, 0x1ULL, 0x2ULL, 0x3ULL, 0x100000000ULL, 0x0ULL,
	0x1ULL, 0x2ULL, 0x3ULL, 0x100000000ULL, 0x1ULL, 0x3ULL,
	0x2ULL, 0x4ULL, 0x0ULL, 0x100000000ULL, 0x0ULL, 0x1ULL,
	0x2ULL, 0x3ULL, 0x1ULL, 0x3ULL, 0x2ULL, 0x4ULL,
	0x0ULL, 0x0ULL, 0x1ULL, 0x2ULL, 0x3ULL, 0x100000000ULL,
	0x0ULL, 0x1ULL, 0x2ULL, 0x3ULL, 0x100000000ULL, 0x0ULL,
	0x1ULL, 0x2ULL, 0x3ULL, 0x100000000ULL, 0x1ULL, 0x3ULL,
	0x2ULL, 0x4ULL, 0x0ULL, 0x100000000ULL, 0x0ULL, 0x1ULL,
	0x2ULL, 0x3ULL, 0x1ULL, 0x3ULL, 0x2ULL, 0x4ULL,
	0x5ULL, 0x0ULL, 0x140b2f029ULL, 0x1c04860f6ULL, 0x141958000ULL, 0x14196d000ULL,
	0x140800000ULL, 0x13e91c020ULL, 0x13c4fcdacULL, 0x13f560000ULL, 0x140c8e06bULL, 0x142fa0000ULL,
	0x0ULL, 0x1ULL, 0x2ULL, 0x100000000ULL, 0x0ULL, 0x1ULL,
	0x2ULL, 0x100000000ULL, 0x100020000ULL, 0x100030000ULL, 0x0ULL, 0x1ULL,
	0x2ULL, 0x100000000ULL, 0x100020000ULL, 0x100030000ULL, 0x100040000ULL, 0x100050000ULL,
	0x100060000ULL, 0x100070000ULL, 0x13e000000ULL, 0x0ULL, 0x1ULL, 0x2ULL,
	0x3ULL, 0x100000000ULL, 0x0ULL, 0x1ULL, 0x2ULL, 0x3ULL,
	0x100000000ULL, 0x0ULL, 0x1ULL, 0x2ULL, 0x3ULL, 0x100000000ULL,
	0x1ULL, 0x3ULL, 0x2ULL, 0x4ULL, 0x0ULL, 0x100000000ULL,
	0x0ULL, 0x1ULL, 0x2ULL, 0x3ULL, 0x4ULL, 0x0ULL,
	0x1ULL, 0x2ULL, 0x3ULL, 0x1ULL, 0x3ULL, 0x2ULL,
	0x4ULL, 0x0ULL, 0x0ULL, 0x1ULL, 0x2ULL, 0x3ULL,
	0x4ULL, 0x0ULL, 0x1ULL, 0x2ULL, 0x3ULL, 0x4ULL,
	0x1ULL, 0x3ULL, 0x2ULL, 0x4ULL, 0x0ULL, 0x5ULL,
	0x0ULL, 0x1ULL, 0x2ULL, 0x3ULL, 0x100000000ULL, 0x0ULL,
	0x1ULL, 0x2ULL, 0x3ULL, 0x1ULL, 0x3ULL, 0x2ULL,
	0x4ULL, 0x0ULL, 0x0ULL, 0x1ULL, 0x2ULL, 0x3ULL,
	0x1ULL, 0x3ULL, 0x2ULL, 0x4ULL, 0x0ULL, 0x0ULL,
	0x1ULL, 0x2ULL, 0x3ULL, 0x10000007fULL, 0x1ULL, 0x3ULL,
	0x2ULL, 0x4ULL, 0x0ULL, 0x10000007fULL, 0x0ULL, 0x1ULL,
	0x2ULL, 0x3ULL, 0x100007fffULL, 0x1ULL, 0x3ULL, 0x2ULL,
	0x4ULL, 0x0ULL, 0x100007fffULL, 0x0ULL, 0x1ULL, 0x2ULL,
	0x3ULL, 0x1ULL, 0x3ULL, 0x2ULL, 0x4ULL, 0x0ULL,
	0x0ULL, 0x1ULL, 0x2ULL, 0x3ULL, 0x1ULL, 0x3ULL,
	0x2ULL, 0x4ULL, 0x0ULL, 0x0ULL, 0x1ULL, 0x2ULL,
	0x3ULL, 0x1ULL, 0x3ULL, 0x2ULL, 0x4ULL, 0x0ULL,
	0x0ULL, 0x1ULL, 0x2ULL, 0x3ULL, 0x1ULL, 0x3ULL,
	0x2ULL, 0x4ULL, 0x0ULL, 0x0ULL, 0x1ULL, 0x2ULL,
	0x3ULL, 0x1ULL, 0x3ULL, 0x2ULL, 0x4ULL, 0x0ULL,
	0x0ULL, 0x1ULL, 0x2ULL, 0x3ULL, 0x1ULL, 0x3ULL,
	0x2ULL, 0x4ULL, 0x0ULL, 0x0ULL, 0x1ULL, 0x2ULL,
	0x3ULL, 0x1ULL, 0x3ULL, 0x2ULL, 0x4ULL, 0x0ULL,
	0x0ULL, 0x1ULL, 0x2ULL, 0x3ULL, 0x1ULL, 0x3ULL,
	0x2ULL, 0x4ULL, 0x0ULL, 0x0ULL, 0x1ULL, 0x2ULL,
	0x3ULL, 0x10000007fULL, 0x1ffffff80ULL, 0x1ULL, 0x3ULL, 0x2ULL,
	0x4ULL, 0x0ULL, 0x10000007fULL, 0x1ffffff80ULL, 0x0ULL, 0x1ULL,
	0x2ULL, 0x3ULL, 0x100007fffULL, 0x1ffff8000ULL, 0x1ULL, 0x3ULL,
	0x2ULL, 0x4ULL, 0x0ULL, 0x100007fffULL, 0x1ffff8000ULL, 0x0ULL,
	0x1ULL, 0x2ULL, 0x3ULL, 0x4ULL, 0x5ULL, 0x6ULL,
	0x7ULL, 0x8ULL, 0x9ULL, 0xaULL, 0xbULL, 0xcULL,
	0xdULL, 0xeULL, 0x2ULL, 0x4ULL, 0x3ULL, 0x5ULL,
	0x0ULL, 0x6ULL, 0x1ULL, 0x0ULL, 0x5ULL, 0x1ULL,
	0x2ULL, 0x3ULL, 0x4ULL, 0x0ULL, 0x4ULL, 0x1ULL,
	0x2ULL, 0x3ULL, 0x100000000ULL, 0x2ULL, 0x4ULL, 0x3ULL,
	0x5ULL, 0x0ULL, 0x6ULL, 0x1ULL, 0x0ULL, 0x5ULL,
	0x1ULL, 0x2ULL, 0x3ULL, 0x4ULL, 0x0ULL, 0x4ULL,
	0x1ULL, 0x2ULL, 0x3ULL, 0x100000000ULL,
};
static const u32 mt_tqx_pds_state[50] = {
	0x00000001U, 0x00000002U, 0x00000003U, 0x00000004U, 0x90000247U, 0x00000000U,
	0x00000000U, 0x00000000U, 0x10000247U, 0x90002397U, 0x00000000U, 0x00000000U,
	0x10000247U, 0x10002397U, 0x00000000U, 0x00000000U, 0x90004247U, 0x00000000U,
	0x00000000U, 0x00000000U, 0x00000000U, 0x00000000U, 0x90000000U, 0x00000000U,
	0x00000000U, 0x90000001U, 0x00000000U, 0x00000000U, 0x00000000U, 0x00000000U,
	0x90000043U, 0xf4002001U, 0x00000000U, 0x00000000U, 0x00000000U, 0x90000247U,
	0x00000000U, 0x00000000U, 0x00000000U, 0x00000000U, 0x90000e4fU, 0x00000000U,
	0x00000008U, 0x00000000U, 0x00000000U, 0x00000000U, 0x00000000U, 0x00000000U,
	0x00000000U, 0xf4000002U,
};
static const struct mt_tqx_shader_meta mt_tqx_shaders[121] = {
	{0, 9, 0, 0, 0},
	{64, 4, 0, 0, 0},
	{96, 12, 0, 0, 0},
	{160, 16, 0, 0, 0},
	{224, 4, 0, 0, 0},
	{256, 12, 0, 0, 0},
	{320, 16, 0, 0, 0},
	{384, 15, 3, 4, 0},
	{448, 14, 2, 5, 4},
	{512, 10, 2, 3, 9},
	{576, 22, 4, 5, 12},
	{672, 43, 2, 3, 17},
	{864, 32, 4, 4, 20},
	{992, 17, 3, 4, 24},
	{1088, 13, 3, 4, 28},
	{1152, 15, 3, 4, 32},
	{1216, 14, 2, 5, 36},
	{1280, 12, 2, 5, 41},
	{1344, 17, 3, 4, 46},
	{1440, 15, 3, 6, 50},
	{1504, 16, 4, 4, 56},
	{1568, 15, 4, 5, 60},
	{1632, 18, 4, 4, 65},
	{1728, 35, 4, 5, 69},
	{1888, 15, 3, 4, 74},
	{1952, 220, 9, 16, 78},
	{2848, 37, 10, 4, 94},
	{3008, 69, 19, 6, 98},
	{3296, 131, 26, 11, 104},
	{3840, 45, 12, 5, 115},
	{4032, 45, 12, 5, 120},
	{4224, 45, 12, 5, 125},
	{4416, 17, 3, 6, 130},
	{4512, 45, 8, 7, 136},
	{4704, 181, 27, 15, 143},
	{5440, 37, 4, 17, 158},
	{5600, 43, 11, 10, 175},
	{5792, 21, 4, 4, 185},
	{5888, 20, 4, 5, 189},
	{5984, 23, 4, 4, 194},
	{6080, 50, 12, 5, 198},
	{6304, 45, 12, 5, 203},
	{6496, 45, 12, 5, 208},
	{6688, 23, 4, 6, 213},
	{6784, 21, 4, 4, 219},
	{6880, 20, 4, 5, 223},
	{6976, 50, 12, 5, 228},
	{7200, 45, 12, 5, 233},
	{7392, 45, 12, 5, 238},
	{7584, 23, 4, 6, 243},
	{7680, 15, 3, 4, 249},
	{7744, 211, 9, 16, 253},
	{8608, 45, 12, 5, 269},
	{8800, 45, 12, 5, 274},
	{8992, 45, 12, 5, 279},
	{9184, 17, 3, 6, 284},
	{9280, 57, 9, 10, 290},
	{9536, 15, 3, 4, 300},
	{9600, 14, 2, 5, 304},
	{9664, 17, 3, 4, 309},
	{9760, 34, 4, 5, 313},
	{9920, 30, 4, 5, 318},
	{10048, 30, 4, 5, 323},
	{10176, 17, 3, 6, 328},
	{10272, 15, 3, 4, 334},
	{10336, 14, 2, 5, 338},
	{10400, 37, 7, 5, 343},
	{10560, 32, 6, 5, 348},
	{10688, 32, 6, 5, 353},
	{10816, 17, 3, 6, 358},
	{10912, 16, 4, 4, 364},
	{10976, 206, 8, 16, 368},
	{11808, 38, 10, 4, 384},
	{11968, 68, 19, 6, 388},
	{12256, 132, 26, 11, 394},
	{12800, 43, 12, 5, 405},
	{12992, 38, 12, 5, 410},
	{13152, 38, 12, 5, 415},
	{13312, 18, 4, 6, 420},
	{13408, 44, 9, 5, 426},
	{13600, 29, 4, 4, 431},
	{13728, 28, 4, 5, 435},
	{13856, 39, 4, 5, 440},
	{14016, 74, 3, 5, 445},
	{14336, 38, 4, 6, 450},
	{14496, 41, 4, 5, 456},
	{14688, 20, 8, 4, 461},
	{14784, 19, 8, 5, 465},
	{14880, 26, 8, 4, 470},
	{15008, 25, 8, 5, 474},
	{15136, 34, 4, 5, 479},
	{15296, 33, 4, 6, 484},
	{15456, 29, 4, 5, 490},
	{15584, 28, 4, 6, 495},
	{15712, 19, 3, 4, 501},
	{15808, 18, 2, 5, 505},
	{15904, 26, 4, 4, 510},
	{16032, 25, 4, 5, 514},
	{16160, 42, 4, 4, 519},
	{16352, 41, 4, 5, 523},
	{16544, 20, 8, 4, 528},
	{16640, 19, 8, 5, 532},
	{16736, 26, 8, 4, 537},
	{16864, 25, 8, 5, 541},
	{16992, 37, 4, 4, 546},
	{17152, 36, 4, 5, 550},
	{17312, 17, 3, 4, 555},
	{17408, 16, 2, 5, 559},
	{17472, 22, 4, 4, 564},
	{17568, 21, 4, 5, 568},
	{17664, 42, 4, 6, 573},
	{17856, 41, 4, 7, 579},
	{18048, 37, 4, 6, 586},
	{18208, 36, 4, 7, 592},
	{18368, 53, 6, 15, 599},
	{18592, 66, 6, 7, 614},
	{18880, 71, 7, 6, 621},
	{19168, 73, 8, 6, 627},
	{19488, 43, 6, 7, 633},
	{19680, 48, 7, 6, 640},
	{19872, 51, 8, 6, 646},
};
static const struct mt_tqx_pds_meta mt_tqx_pds[10] = {
	{0, 5, 4, 2, 0},
	{32, 2, 4, 2, 4},
	{48, 3, 4, 2, 8},
	{64, 4, 8, 2, 12},
	{80, 1, 4, 0, 20},
	{96, 1, 4, 0, 24},
	{112, 1, 4, 0, 28},
	{128, 1, 4, 0, 32},
	{144, 1, 5, 0, 36},
	{160, 1, 9, 0, 41},
};
#endif
